,Unnamed: 0.1, Temperatura (C), Humedad (%),Fecha,Hora
0,0,27.0,63.2,1/1/2021,1/1/2021
1,1,27.0,63.5,1/1/2021,1/1/2021
2,2,27.0,63.3,1/1/2021,1/1/2021
3,3,27.1,63.2,1/1/2021,1/1/2021
4,4,27.0,63.1,1/1/2021,1/1/2021
5,5,27.1,63.5,1/1/2021,1/1/2021
6,6,27.1,63.5,1/1/2021,1/1/2021
7,7,27.1,63.1,1/1/2021,1/1/2021
8,8,27.1,62.5,1/1/2021,1/1/2021
9,9,27.1,62.2,1/1/2021,1/1/2021
10,10,27.1,61.1,1/1/2021,1/1/2021
11,11,27.1,60.6,1/1/2021,1/1/2021
12,12,27.1,61.5,1/1/2021,1/1/2021
13,13,27.1,62.0,1/1/2021,1/1/2021
14,14,27.1,61.1,1/1/2021,1/1/2021
15,15,27.1,61.5,1/1/2021,1/1/2021
16,16,27.1,61.9,1/1/2021,1/1/2021
17,17,27.1,61.9,1/1/2021,1/1/2021
18,18,27.2,62.0,1/1/2021,1/1/2021
19,19,27.2,61.8,1/1/2021,1/1/2021
20,20,27.3,62.1,1/1/2021,1/1/2021
21,21,27.3,61.8,1/1/2021,1/1/2021
22,22,27.3,61.1,1/1/2021,1/1/2021
23,23,27.3,60.9,1/1/2021,1/1/2021
24,24,27.3,61.4,1/1/2021,1/1/2021
25,25,27.3,62.0,1/1/2021,1/1/2021
26,26,27.3,61.6,1/1/2021,1/1/2021
27,27,27.2,60.5,1/1/2021,1/1/2021
28,28,27.2,61.0,1/1/2021,1/1/2021
29,29,27.1,61.1,1/1/2021,1/1/2021
30,30,27.2,61.9,1/1/2021,1/1/2021
31,31,27.2,61.8,1/1/2021,1/1/2021
32,32,27.2,61.6,1/1/2021,1/1/2021
33,33,27.2,62.1,1/1/2021,1/1/2021
34,34,27.2,62.2,1/1/2021,1/1/2021
35,35,27.2,62.6,1/1/2021,1/1/2021
36,36,27.2,61.6,1/1/2021,1/1/2021
37,37,27.2,61.6,1/1/2021,1/1/2021
38,38,27.2,61.4,1/1/2021,1/1/2021
39,39,27.2,61.6,1/1/2021,1/1/2021
40,40,27.2,62.3,1/1/2021,1/1/2021
41,41,27.2,62.5,1/1/2021,1/1/2021
42,42,27.2,62.5,1/1/2021,1/1/2021
43,43,27.2,61.0,1/1/2021,1/1/2021
44,44,27.2,60.7,1/1/2021,1/1/2021
45,45,27.2,61.0,1/1/2021,1/1/2021
46,46,27.2,60.9,1/1/2021,1/1/2021
47,47,27.2,61.0,1/1/2021,1/1/2021
48,48,27.3,61.3,1/1/2021,1/1/2021
49,49,27.4,61.0,1/1/2021,1/1/2021
50,50,27.4,60.5,1/1/2021,1/1/2021
51,51,27.5,61.0,1/1/2021,1/1/2021
52,52,27.5,60.9,1/1/2021,1/1/2021
53,53,27.5,60.5,1/1/2021,1/1/2021
54,54,27.5,61.1,1/1/2021,1/1/2021
55,55,27.5,61.0,1/1/2021,1/1/2021
56,56,27.6,60.7,1/1/2021,1/1/2021
57,57,27.7,60.8,1/1/2021,1/1/2021
58,58,27.7,60.9,1/1/2021,1/1/2021
59,59,27.7,60.7,1/1/2021,1/1/2021
60,60,27.8,60.3,1/1/2021,1/1/2021
61,61,27.8,60.4,1/1/2021,1/1/2021
62,62,27.8,60.3,1/1/2021,1/1/2021
63,63,27.7,59.8,1/1/2021,1/1/2021
64,64,27.7,59.5,1/1/2021,1/1/2021
65,65,27.7,59.5,1/1/2021,1/1/2021
66,66,27.7,60.9,1/1/2021,1/1/2021
67,67,27.7,61.2,1/1/2021,1/1/2021
68,68,27.7,61.1,1/1/2021,1/1/2021
69,69,27.7,60.9,1/1/2021,1/1/2021
70,70,27.8,60.1,1/1/2021,1/1/2021
71,71,27.9,60.4,1/1/2021,1/1/2021
72,72,28.0,59.8,1/1/2021,1/1/2021
73,73,28.0,60.1,1/1/2021,1/1/2021
74,74,28.1,59.8,1/1/2021,1/1/2021
75,75,28.2,60.0,1/1/2021,1/1/2021
76,76,28.2,60.3,1/1/2021,1/1/2021
77,77,28.2,60.3,1/1/2021,1/1/2021
78,78,28.3,60.3,1/1/2021,1/1/2021
79,79,28.4,60.5,1/1/2021,1/1/2021
80,80,28.4,59.3,1/1/2021,1/1/2021
81,81,28.4,58.7,1/1/2021,1/1/2021
82,82,28.4,59.1,1/1/2021,1/1/2021
83,83,28.3,58.9,1/1/2021,1/1/2021
84,84,28.3,58.9,1/1/2021,1/1/2021
85,85,28.3,58.8,1/1/2021,1/1/2021
86,86,28.3,58.5,1/1/2021,1/1/2021
87,87,28.4,58.7,1/1/2021,1/1/2021
88,88,28.3,58.9,1/1/2021,1/1/2021
89,89,28.3,59.0,1/1/2021,1/1/2021
90,90,28.4,58.5,1/1/2021,1/1/2021
91,91,28.3,58.3,1/1/2021,1/1/2021
92,92,28.3,58.5,1/1/2021,1/1/2021
93,93,28.3,58.3,1/1/2021,1/1/2021
94,94,28.3,58.9,1/1/2021,1/1/2021
95,95,28.3,59.0,1/1/2021,1/1/2021
96,96,28.4,58.5,1/1/2021,1/1/2021
97,97,28.4,58.4,1/1/2021,1/1/2021
98,98,28.5,58.4,1/1/2021,1/1/2021
99,99,28.5,59.0,1/1/2021,1/1/2021
100,100,28.6,59.2,1/1/2021,1/1/2021
101,101,28.7,58.4,1/1/2021,1/1/2021
102,102,28.6,58.1,1/1/2021,1/1/2021
103,103,28.6,57.7,1/1/2021,1/1/2021
104,104,28.6,57.9,1/1/2021,1/1/2021
105,105,28.7,57.7,1/1/2021,1/1/2021
106,106,28.7,58.2,1/1/2021,1/1/2021
107,107,28.8,58.5,1/1/2021,1/1/2021
108,108,28.9,58.6,1/1/2021,1/1/2021
109,109,28.9,57.7,1/1/2021,1/1/2021
110,110,28.9,57.4,1/1/2021,1/1/2021
111,111,28.9,57.1,1/1/2021,1/1/2021
112,112,29.0,57.4,1/1/2021,1/1/2021
113,113,29.1,57.4,1/1/2021,1/1/2021
114,114,29.0,56.6,1/1/2021,1/1/2021
115,115,29.1,57.6,1/1/2021,1/1/2021
116,116,29.1,56.9,1/1/2021,1/1/2021
117,117,29.0,57.0,1/1/2021,1/1/2021
118,118,29.0,57.4,1/1/2021,1/1/2021
119,119,29.0,56.2,1/1/2021,1/1/2021
120,120,29.0,55.4,1/1/2021,1/1/2021
121,121,28.9,55.1,1/1/2021,1/1/2021
122,122,29.0,55.9,1/1/2021,1/1/2021
123,123,29.0,56.5,1/1/2021,1/1/2021
124,124,29.0,56.8,1/1/2021,1/1/2021
125,125,29.0,56.9,1/1/2021,1/1/2021
126,126,29.0,56.3,1/1/2021,1/1/2021
127,127,29.0,56.8,1/1/2021,1/1/2021
128,128,29.0,56.7,1/1/2021,1/1/2021
129,129,29.1,56.8,1/1/2021,1/1/2021
130,130,29.1,57.7,1/1/2021,1/1/2021
131,131,29.1,56.7,1/1/2021,1/1/2021
132,132,29.0,56.2,1/1/2021,1/1/2021
133,133,29.0,56.3,1/1/2021,1/1/2021
134,134,29.0,56.6,1/1/2021,1/1/2021
135,135,29.0,56.9,1/1/2021,1/1/2021
136,136,29.0,57.2,1/1/2021,1/1/2021
137,137,29.0,56.2,1/1/2021,1/1/2021
138,138,28.9,55.8,1/1/2021,1/1/2021
139,139,28.8,54.6,1/1/2021,1/1/2021
140,140,28.8,55.1,1/1/2021,1/1/2021
141,141,28.8,55.9,1/1/2021,1/1/2021
142,142,28.8,55.6,1/1/2021,1/1/2021
143,143,28.7,56.3,1/1/2021,1/1/2021
144,144,28.7,55.4,1/1/2021,1/1/2021
145,145,28.7,54.3,1/1/2021,1/1/2021
146,146,28.7,54.7,1/1/2021,1/1/2021
147,147,28.7,55.8,1/1/2021,1/1/2021
148,148,28.7,56.7,1/1/2021,1/1/2021
149,149,28.8,57.7,1/1/2021,1/1/2021
150,150,28.8,57.8,1/1/2021,1/1/2021
151,151,28.8,57.0,1/1/2021,1/1/2021
152,152,28.7,56.9,1/1/2021,1/1/2021
153,153,28.7,56.8,1/1/2021,1/1/2021
154,154,28.8,56.5,1/1/2021,1/1/2021
155,155,28.8,56.8,1/1/2021,1/1/2021
156,156,28.8,56.3,1/1/2021,1/1/2021
157,157,28.8,56.3,1/1/2021,1/1/2021
158,158,28.8,55.9,1/1/2021,1/1/2021
159,159,28.8,56.1,1/1/2021,1/1/2021
160,160,28.8,56.3,1/1/2021,1/1/2021
161,161,28.8,56.8,1/1/2021,1/1/2021
162,162,28.8,57.3,1/1/2021,1/1/2021
163,163,28.8,57.4,1/1/2021,1/1/2021
164,164,28.8,56.9,1/1/2021,1/1/2021
165,165,28.9,57.5,1/1/2021,1/1/2021
166,166,28.9,58.2,1/1/2021,1/1/2021
167,167,28.9,57.1,1/1/2021,1/1/2021
168,168,28.9,57.7,1/1/2021,1/1/2021
169,169,28.9,57.4,1/1/2021,1/1/2021
170,170,29.0,57.0,1/1/2021,1/1/2021
171,171,29.0,56.5,1/1/2021,1/1/2021
172,172,28.9,56.2,1/1/2021,1/1/2021
173,173,28.9,56.7,1/1/2021,1/1/2021
174,174,28.8,56.3,1/1/2021,1/1/2021
175,175,28.7,55.6,1/1/2021,1/1/2021
176,176,28.7,55.3,1/1/2021,1/1/2021
177,177,28.6,55.9,1/1/2021,1/1/2021
178,178,28.6,56.5,1/1/2021,1/1/2021
179,179,28.6,57.4,1/1/2021,1/1/2021
180,180,28.6,57.1,1/1/2021,1/1/2021
181,181,28.6,56.9,1/1/2021,1/1/2021
182,182,28.5,56.7,1/1/2021,1/1/2021
183,183,28.6,56.4,1/1/2021,1/1/2021
184,184,28.5,56.7,1/1/2021,1/1/2021
185,185,28.5,56.4,1/1/2021,1/1/2021
186,186,28.5,56.2,1/1/2021,1/1/2021
187,187,28.5,56.4,1/1/2021,1/1/2021
188,188,28.5,57.2,1/1/2021,1/1/2021
189,189,28.5,57.3,1/1/2021,1/1/2021
190,190,28.5,57.4,1/1/2021,1/1/2021
191,191,28.5,57.6,1/1/2021,1/1/2021
192,192,28.6,57.6,1/1/2021,1/1/2021
193,193,28.6,58.0,1/1/2021,1/1/2021
194,194,28.7,57.3,1/1/2021,1/1/2021
195,195,28.7,57.7,1/1/2021,1/1/2021
196,196,28.7,58.1,1/1/2021,1/1/2021
197,197,28.7,57.9,1/1/2021,1/1/2021
198,198,28.8,57.0,1/1/2021,1/1/2021
199,199,28.9,56.7,1/1/2021,1/1/2021
200,200,28.9,56.3,1/1/2021,1/1/2021
201,201,29.0,56.7,1/1/2021,1/1/2021
202,202,28.9,56.4,1/1/2021,1/1/2021
203,203,28.9,56.7,1/1/2021,1/1/2021
204,204,28.8,56.7,1/1/2021,1/1/2021
205,205,28.7,56.3,1/1/2021,1/1/2021
206,206,28.6,56.2,1/1/2021,1/1/2021
207,207,28.6,56.6,1/1/2021,1/1/2021
208,208,28.5,56.6,1/1/2021,1/1/2021
209,209,28.5,57.0,1/1/2021,1/1/2021
210,210,28.5,56.4,1/1/2021,1/1/2021
211,211,28.5,56.4,1/1/2021,1/1/2021
212,212,28.4,56.5,1/1/2021,1/1/2021
213,213,28.4,57.1,1/1/2021,1/1/2021
214,214,28.4,57.6,1/1/2021,1/1/2021
215,215,28.4,57.4,1/1/2021,1/1/2021
216,216,28.4,57.5,1/1/2021,1/1/2021
217,217,28.4,57.2,1/1/2021,1/1/2021
218,218,28.4,57.5,1/1/2021,1/1/2021
219,219,28.4,57.3,1/1/2021,1/1/2021
220,220,28.4,57.3,1/1/2021,1/1/2021
221,221,28.5,57.8,1/1/2021,1/1/2021
222,222,28.5,57.5,1/1/2021,1/1/2021
223,223,28.5,56.8,1/1/2021,1/1/2021
224,224,28.5,57.8,1/1/2021,1/1/2021
225,225,28.6,57.8,1/1/2021,1/1/2021
226,226,28.6,56.7,1/1/2021,1/1/2021
227,227,28.7,56.3,1/1/2021,1/1/2021
228,228,28.7,55.8,1/1/2021,1/1/2021
229,229,28.7,56.0,1/1/2021,1/1/2021
230,230,28.7,56.5,1/1/2021,1/1/2021
231,231,28.8,56.5,1/1/2021,1/1/2021
232,232,28.9,56.0,1/1/2021,1/1/2021
233,233,28.9,55.5,1/1/2021,1/1/2021
234,234,29.0,55.5,1/1/2021,1/1/2021
235,235,29.1,55.5,1/1/2021,1/1/2021
236,236,29.1,55.3,1/1/2021,1/1/2021
237,237,29.2,55.3,1/1/2021,1/1/2021
238,238,29.3,54.9,1/1/2021,1/1/2021
239,239,29.4,54.9,1/1/2021,1/1/2021
240,240,29.4,55.0,1/1/2021,1/1/2021
241,241,29.4,54.7,1/1/2021,1/1/2021
242,242,29.5,54.8,1/1/2021,1/1/2021
243,243,29.6,54.8,1/1/2021,1/1/2021
244,244,29.6,54.3,1/1/2021,1/1/2021
245,245,29.7,53.9,1/1/2021,1/1/2021
246,246,29.7,52.3,1/1/2021,1/1/2021
247,247,29.6,52.6,1/1/2021,1/1/2021
248,248,29.6,52.2,1/1/2021,1/1/2021
249,249,29.6,51.8,1/1/2021,1/1/2021
250,250,29.4,50.9,1/1/2021,1/1/2021
251,251,29.2,51.0,1/1/2021,1/1/2021
252,252,29.1,51.9,1/1/2021,1/1/2021
253,253,29.0,52.3,1/1/2021,1/1/2021
254,254,29.0,52.6,1/1/2021,1/1/2021
255,255,28.9,53.5,1/1/2021,1/1/2021
256,256,28.8,53.4,1/1/2021,1/1/2021
257,257,28.8,54.1,1/1/2021,1/1/2021
258,258,28.8,53.4,1/1/2021,1/1/2021
259,259,28.7,53.0,1/1/2021,1/1/2021
260,260,28.6,53.7,1/1/2021,1/1/2021
261,261,28.6,53.7,1/1/2021,1/1/2021
262,262,28.5,54.2,1/1/2021,1/1/2021
263,263,28.5,54.4,1/1/2021,1/1/2021
264,264,28.5,54.9,1/1/2021,1/1/2021
265,265,28.5,54.6,1/1/2021,1/1/2021
266,266,28.5,54.2,1/1/2021,1/1/2021
267,267,28.5,54.2,1/1/2021,1/1/2021
268,268,28.5,53.7,1/1/2021,1/1/2021
269,269,28.4,54.4,1/1/2021,1/1/2021
270,270,28.3,54.2,1/1/2021,1/1/2021
271,271,28.2,54.5,1/1/2021,1/1/2021
272,272,28.1,54.4,1/1/2021,1/1/2021
273,273,28.1,54.4,1/1/2021,1/1/2021
274,274,28.0,54.3,1/1/2021,1/1/2021
275,275,28.0,54.9,1/1/2021,1/1/2021
276,276,28.1,55.6,1/1/2021,1/1/2021
277,277,28.2,55.8,1/1/2021,1/1/2021
278,278,28.3,56.0,1/1/2021,1/1/2021
279,279,28.4,56.1,1/1/2021,1/1/2021
280,280,28.5,56.0,1/1/2021,1/1/2021
281,281,28.6,57.1,1/1/2021,1/1/2021
282,282,28.6,57.1,1/1/2021,1/1/2021
283,283,28.7,56.9,1/1/2021,1/1/2021
284,284,28.7,57.7,1/1/2021,1/1/2021
285,285,28.8,57.2,1/1/2021,1/1/2021
286,286,28.9,57.0,1/1/2021,1/1/2021
287,287,28.9,55.9,1/1/2021,1/1/2021
288,288,29.0,56.3,1/1/2021,1/1/2021
289,289,29.1,55.8,1/1/2021,1/1/2021
290,290,29.1,55.4,1/1/2021,1/1/2021
291,291,29.2,55.7,1/1/2021,1/1/2021
292,292,29.2,56.0,1/1/2021,1/1/2021
293,293,29.3,55.1,1/1/2021,1/1/2021
294,294,29.2,54.4,1/1/2021,1/1/2021
295,295,29.2,54.0,1/1/2021,1/1/2021
296,296,29.2,53.9,1/1/2021,1/1/2021
297,297,29.2,53.6,1/1/2021,1/1/2021
298,298,29.1,54.0,1/1/2021,1/1/2021
299,299,29.1,54.8,1/1/2021,1/1/2021
300,300,29.1,54.7,1/1/2021,1/1/2021
301,301,29.0,54.2,1/1/2021,1/1/2021
302,302,29.0,54.4,1/1/2021,1/1/2021
303,303,29.0,54.3,1/1/2021,1/1/2021
304,304,29.1,54.7,1/1/2021,1/1/2021
305,305,29.1,55.0,1/1/2021,1/1/2021
306,306,29.0,54.1,1/1/2021,1/1/2021
307,307,29.1,54.9,1/1/2021,1/1/2021
308,308,29.1,54.4,1/1/2021,1/1/2021
309,309,29.2,53.8,1/1/2021,1/1/2021
310,310,29.3,53.1,1/1/2021,1/1/2021
311,311,29.3,53.8,1/1/2021,1/1/2021
312,312,29.3,54.6,1/1/2021,1/1/2021
313,313,29.4,55.1,1/1/2021,1/1/2021
314,314,29.4,54.6,1/1/2021,1/1/2021
315,315,29.4,55.0,1/1/2021,1/1/2021
316,316,29.5,54.7,1/1/2021,1/1/2021
317,317,29.5,54.0,1/1/2021,1/1/2021
318,318,29.6,54.1,1/1/2021,1/1/2021
319,319,29.7,53.3,1/1/2021,1/1/2021
320,320,29.7,53.2,1/1/2021,1/1/2021
321,321,29.8,54.0,1/1/2021,1/1/2021
322,322,29.9,54.3,1/1/2021,1/1/2021
323,323,29.9,53.8,1/1/2021,1/1/2021
324,324,29.9,54.0,1/1/2021,1/1/2021
325,325,30.0,54.7,1/1/2021,1/1/2021
326,326,30.0,54.4,1/1/2021,1/1/2021
327,327,30.0,53.7,1/1/2021,1/1/2021
328,328,30.0,53.4,1/1/2021,1/1/2021
329,329,30.1,53.9,1/1/2021,1/1/2021
330,330,30.0,53.9,1/1/2021,1/1/2021
331,331,30.1,53.6,1/1/2021,1/1/2021
332,332,30.1,54.0,1/1/2021,1/1/2021
333,333,30.1,54.0,1/1/2021,1/1/2021
334,334,30.1,53.8,1/1/2021,1/1/2021
335,335,30.1,54.0,1/1/2021,1/1/2021
336,336,30.1,53.2,1/1/2021,1/1/2021
337,337,30.0,53.2,1/1/2021,1/1/2021
338,338,30.1,53.2,1/1/2021,1/1/2021
339,339,30.1,52.2,1/1/2021,1/1/2021
340,340,30.0,52.6,1/1/2021,1/1/2021
341,341,30.0,53.2,1/1/2021,1/1/2021
342,342,30.0,53.3,1/1/2021,1/1/2021
343,343,29.9,53.3,1/1/2021,1/1/2021
344,344,30.0,53.2,1/1/2021,1/1/2021
345,345,30.0,53.3,1/1/2021,1/1/2021
346,346,30.0,53.2,1/1/2021,1/1/2021
347,347,30.0,53.4,1/1/2021,1/1/2021
348,348,30.0,53.6,1/1/2021,1/1/2021
349,349,30.1,53.0,1/1/2021,1/1/2021
350,350,30.0,52.5,1/1/2021,1/1/2021
351,351,30.0,52.7,1/1/2021,1/1/2021
352,352,30.0,52.6,1/1/2021,1/1/2021
353,353,30.0,52.6,1/1/2021,1/1/2021
354,354,30.0,52.3,1/1/2021,1/1/2021
355,355,30.1,52.7,1/1/2021,1/1/2021
356,356,30.1,52.6,1/1/2021,1/1/2021
357,357,30.1,52.3,1/1/2021,1/1/2021
358,358,30.2,52.5,1/1/2021,1/1/2021
359,359,30.2,52.8,1/1/2021,1/1/2021
360,360,30.2,54.1,1/1/2021,1/1/2021
361,361,30.3,53.2,1/1/2021,1/1/2021
362,362,30.3,50.6,1/1/2021,1/1/2021
363,363,30.4,49.9,1/1/2021,1/1/2021
364,364,30.4,50.2,1/1/2021,1/1/2021
365,365,30.4,50.2,1/1/2021,1/1/2021
366,366,30.5,50.4,1/1/2021,1/1/2021
367,367,30.5,49.7,1/1/2021,1/1/2021
368,368,30.5,50.0,1/1/2021,1/1/2021
369,369,30.6,50.5,1/1/2021,1/1/2021
370,370,30.6,51.0,1/1/2021,1/1/2021
371,371,30.7,50.2,1/1/2021,1/1/2021
372,372,30.7,50.5,1/1/2021,1/1/2021
373,373,30.8,51.2,1/1/2021,1/1/2021
374,374,30.8,51.4,1/1/2021,1/1/2021
375,375,30.8,51.6,1/1/2021,1/1/2021
376,376,30.9,51.6,1/1/2021,1/1/2021
377,377,30.9,51.0,1/1/2021,1/1/2021
378,378,30.9,50.3,1/1/2021,1/1/2021
379,379,31.0,50.4,1/1/2021,1/1/2021
380,380,31.1,50.5,1/1/2021,1/1/2021
381,381,31.2,50.9,1/1/2021,1/1/2021
382,382,31.1,51.7,1/1/2021,1/1/2021
383,383,31.1,51.5,1/1/2021,1/1/2021
384,384,31.1,51.1,1/1/2021,1/1/2021
385,385,31.0,50.6,1/1/2021,1/1/2021
386,386,31.0,50.6,1/1/2021,1/1/2021
387,387,31.0,51.3,1/1/2021,1/1/2021
388,388,30.9,50.0,1/1/2021,1/1/2021
389,389,30.9,50.0,1/1/2021,1/1/2021
390,390,30.8,50.2,1/1/2021,1/1/2021
391,391,30.8,51.0,1/1/2021,1/1/2021
392,392,30.9,51.0,1/1/2021,1/1/2021
393,393,31.0,50.7,1/1/2021,1/1/2021
394,394,31.0,50.0,1/1/2021,1/1/2021
395,395,30.9,48.5,1/1/2021,1/1/2021
396,396,30.8,48.4,1/1/2021,1/1/2021
397,397,30.7,49.6,1/1/2021,1/1/2021
398,398,30.7,49.4,1/1/2021,1/1/2021
399,399,30.6,50.2,1/1/2021,1/1/2021
400,400,30.7,51.1,1/1/2021,1/1/2021
401,401,30.7,50.6,1/1/2021,1/1/2021
402,402,30.8,50.4,1/1/2021,1/1/2021
403,403,30.9,49.5,1/1/2021,1/1/2021
404,404,30.9,49.8,1/1/2021,1/1/2021
405,405,30.9,50.4,1/1/2021,1/1/2021
406,406,31.0,50.5,1/1/2021,1/1/2021
407,407,31.0,50.7,1/1/2021,1/1/2021
408,408,31.1,50.5,1/1/2021,1/1/2021
409,409,31.2,49.6,1/1/2021,1/1/2021
410,410,31.2,49.0,1/1/2021,1/1/2021
411,411,31.2,49.3,1/1/2021,1/1/2021
412,412,31.3,50.0,1/1/2021,1/1/2021
413,413,31.3,49.3,1/1/2021,1/1/2021
414,414,31.3,50.6,1/1/2021,1/1/2021
415,415,31.4,50.9,1/1/2021,1/1/2021
416,416,31.4,51.1,1/1/2021,1/1/2021
417,417,31.4,50.5,1/1/2021,1/1/2021
418,418,31.5,50.3,1/1/2021,1/1/2021
419,419,31.5,50.0,1/1/2021,1/1/2021
420,420,31.6,50.0,1/1/2021,1/1/2021
421,421,31.5,49.8,1/1/2021,1/1/2021
422,422,31.5,49.2,1/1/2021,1/1/2021
423,423,31.4,49.2,1/1/2021,1/1/2021
424,424,31.3,49.2,1/1/2021,1/1/2021
425,425,31.2,49.6,1/1/2021,1/1/2021
426,426,31.2,50.0,1/1/2021,1/1/2021
427,427,31.2,49.9,1/1/2021,1/1/2021
428,428,31.2,50.4,1/1/2021,1/1/2021
429,429,31.2,50.6,1/1/2021,1/1/2021
430,430,31.2,50.2,1/1/2021,1/1/2021
431,431,31.3,49.8,1/1/2021,1/1/2021
432,432,31.1,49.5,1/1/2021,1/1/2021
433,433,31.1,49.7,1/1/2021,1/1/2021
434,434,31.0,49.5,1/1/2021,1/1/2021
435,435,30.9,49.1,1/1/2021,1/1/2021
436,436,30.9,49.4,1/1/2021,1/1/2021
437,437,30.8,49.9,1/1/2021,1/1/2021
438,438,30.8,50.3,1/1/2021,1/1/2021
439,439,30.8,50.7,1/1/2021,1/1/2021
440,440,30.8,51.0,1/1/2021,1/1/2021
441,441,30.8,50.8,1/1/2021,1/1/2021
442,442,30.8,50.5,1/1/2021,1/1/2021
443,443,30.8,50.4,1/1/2021,1/1/2021
444,444,30.8,50.2,1/1/2021,1/1/2021
445,445,30.8,50.9,1/1/2021,1/1/2021
446,446,30.8,50.8,1/1/2021,1/1/2021
447,447,30.8,50.9,1/1/2021,1/1/2021
448,448,30.9,51.0,1/1/2021,1/1/2021
449,449,30.8,50.0,1/1/2021,1/1/2021
450,450,30.8,50.8,1/1/2021,1/1/2021
451,451,30.8,50.4,1/1/2021,1/1/2021
452,452,30.8,50.2,1/1/2021,1/1/2021
453,453,30.7,50.3,1/1/2021,1/1/2021
454,454,30.6,50.0,1/1/2021,1/1/2021
455,455,30.6,49.6,1/1/2021,1/1/2021
456,456,30.5,50.0,1/1/2021,1/1/2021
457,457,30.5,50.6,1/1/2021,1/1/2021
458,458,30.6,50.8,1/1/2021,1/1/2021
459,459,30.6,50.9,1/1/2021,1/1/2021
460,460,30.7,50.9,1/1/2021,1/1/2021
461,461,30.6,50.7,1/1/2021,1/1/2021
462,462,30.7,50.5,1/1/2021,1/1/2021
463,463,30.7,50.4,1/1/2021,1/1/2021
464,464,30.6,50.4,1/1/2021,1/1/2021
465,465,30.6,51.1,1/1/2021,1/1/2021
466,466,30.5,50.5,1/1/2021,1/1/2021
467,467,30.5,50.8,1/1/2021,1/1/2021
468,468,30.5,51.2,1/1/2021,1/1/2021
469,469,30.5,50.8,1/1/2021,1/1/2021
470,470,30.4,50.9,1/1/2021,1/1/2021
471,471,30.4,51.1,1/1/2021,1/1/2021
472,472,30.3,51.1,1/1/2021,1/1/2021
473,473,30.3,51.4,1/1/2021,1/1/2021
474,474,30.2,51.5,1/1/2021,1/1/2021
475,475,30.2,51.3,1/1/2021,1/1/2021
476,476,30.2,50.9,1/1/2021,1/1/2021
477,477,30.2,51.0,1/1/2021,1/1/2021
478,478,30.1,51.8,1/1/2021,1/1/2021
479,479,30.1,51.6,1/1/2021,1/1/2021
480,480,30.0,51.1,1/1/2021,1/1/2021
481,481,30.0,51.6,1/1/2021,1/1/2021
482,482,30.0,51.9,1/1/2021,1/1/2021
483,483,29.9,51.5,1/1/2021,1/1/2021
484,484,29.9,51.0,1/1/2021,1/1/2021
485,485,29.9,52.0,1/1/2021,1/1/2021
486,486,29.9,53.1,1/1/2021,1/1/2021
487,487,30.0,53.2,1/1/2021,1/1/2021
488,488,30.0,53.0,1/1/2021,1/1/2021
489,489,30.1,52.8,1/1/2021,1/1/2021
490,490,30.2,52.4,1/1/2021,1/1/2021
491,491,30.2,52.0,1/1/2021,1/1/2021
492,492,30.2,52.0,1/1/2021,1/1/2021
493,493,30.2,51.4,1/1/2021,1/1/2021
494,494,30.3,51.4,1/1/2021,1/1/2021
495,495,30.3,51.3,1/1/2021,1/1/2021
496,496,30.4,51.8,1/1/2021,1/1/2021
497,497,30.4,52.2,1/1/2021,1/1/2021
498,498,30.4,52.3,1/1/2021,1/1/2021
499,499,30.4,51.2,1/1/2021,1/1/2021
500,500,30.4,51.2,1/1/2021,1/1/2021
501,501,30.4,50.9,1/1/2021,1/1/2021
502,502,30.5,51.0,1/1/2021,1/1/2021
503,503,30.4,50.6,1/1/2021,1/1/2021
504,504,30.4,51.3,1/1/2021,1/1/2021
505,505,30.4,51.8,1/1/2021,1/1/2021
506,506,30.4,52.0,1/1/2021,1/1/2021
507,507,30.4,51.5,1/1/2021,1/1/2021
508,508,30.3,51.6,1/1/2021,1/1/2021
509,509,30.3,51.6,1/1/2021,1/1/2021
510,510,30.3,51.4,1/1/2021,1/1/2021
511,511,30.2,51.9,1/1/2021,1/1/2021
512,512,30.2,52.5,1/1/2021,1/1/2021
513,513,30.3,52.5,1/1/2021,1/1/2021
514,514,30.3,51.8,1/1/2021,1/1/2021
515,515,30.3,52.0,1/1/2021,1/1/2021
516,516,30.3,52.0,1/1/2021,1/1/2021
517,517,30.3,52.0,1/1/2021,1/1/2021
518,518,30.3,52.0,1/1/2021,1/1/2021
519,519,30.3,51.9,1/1/2021,1/1/2021
520,520,30.4,52.2,1/1/2021,1/1/2021
521,521,30.4,51.9,1/1/2021,1/1/2021
522,522,30.4,52.1,1/1/2021,1/1/2021
523,523,30.4,52.4,1/1/2021,1/1/2021
524,524,30.4,53.1,1/1/2021,1/1/2021
525,525,30.3,52.9,1/1/2021,1/1/2021
526,526,30.4,52.5,1/1/2021,1/1/2021
527,527,30.4,52.2,1/1/2021,1/1/2021
528,528,30.4,52.6,1/1/2021,1/1/2021
529,529,30.4,51.9,1/1/2021,1/1/2021
530,530,30.4,51.9,1/1/2021,1/1/2021
531,531,30.4,51.8,1/1/2021,1/1/2021
532,532,30.5,51.5,1/1/2021,1/1/2021
533,533,30.6,51.4,1/1/2021,1/1/2021
534,534,30.6,51.3,1/1/2021,1/1/2021
535,535,30.7,51.0,1/1/2021,1/1/2021
536,536,30.8,50.4,1/1/2021,1/1/2021
537,537,30.8,50.6,1/1/2021,1/1/2021
538,538,30.8,49.9,1/1/2021,1/1/2021
539,539,30.8,50.1,1/1/2021,1/1/2021
540,540,30.8,49.5,1/1/2021,1/1/2021
541,541,30.8,49.3,1/1/2021,1/1/2021
542,542,30.8,50.7,1/1/2021,1/1/2021
543,543,30.8,50.2,1/1/2021,1/1/2021
544,544,30.8,51.0,1/1/2021,1/1/2021
545,545,30.8,51.4,1/1/2021,1/1/2021
546,546,30.8,50.9,1/1/2021,1/1/2021
547,547,30.9,50.2,1/1/2021,1/1/2021
548,548,30.9,50.0,1/1/2021,1/1/2021
549,549,30.9,50.1,1/1/2021,1/1/2021
550,550,31.0,50.4,1/1/2021,1/1/2021
551,551,31.0,50.8,1/1/2021,1/1/2021
552,552,31.1,51.2,1/1/2021,1/1/2021
553,553,31.1,50.7,1/1/2021,1/1/2021
554,554,31.2,50.7,1/1/2021,1/1/2021
555,555,31.2,51.5,1/1/2021,1/1/2021
556,556,31.3,50.6,1/1/2021,1/1/2021
557,557,31.4,50.5,1/1/2021,1/1/2021
558,558,31.5,50.2,1/1/2021,1/1/2021
559,559,31.6,49.2,1/1/2021,1/1/2021
560,560,31.5,48.9,1/1/2021,1/1/2021
561,561,31.5,48.5,1/1/2021,1/1/2021
562,562,31.5,48.5,1/1/2021,1/1/2021
563,563,31.5,48.2,1/1/2021,1/1/2021
564,564,31.6,48.3,1/1/2021,1/1/2021
565,565,31.5,48.5,1/1/2021,1/1/2021
566,566,31.5,48.0,1/1/2021,1/1/2021
567,567,31.5,48.1,1/1/2021,1/1/2021
568,568,31.5,48.5,1/1/2021,1/1/2021
569,569,31.6,48.8,1/1/2021,1/1/2021
570,570,31.6,48.9,1/1/2021,1/1/2021
571,571,31.7,48.8,1/1/2021,1/1/2021
572,572,31.8,48.8,1/1/2021,1/1/2021
573,573,31.8,48.9,1/1/2021,1/1/2021
574,574,31.8,48.9,1/1/2021,1/1/2021
575,575,31.8,48.9,1/1/2021,1/1/2021
576,576,31.9,48.4,1/1/2021,1/1/2021
577,577,31.9,49.1,1/1/2021,1/1/2021
578,578,31.8,49.5,1/1/2021,1/1/2021
579,579,31.8,49.5,1/1/2021,1/1/2021
580,580,31.9,49.0,1/1/2021,1/1/2021
581,581,31.9,48.2,1/1/2021,1/1/2021
582,582,31.9,47.9,1/1/2021,1/1/2021
583,583,31.9,47.0,1/1/2021,1/1/2021
584,584,31.8,46.7,1/1/2021,1/1/2021
585,585,31.8,47.4,1/1/2021,1/1/2021
586,586,31.7,47.6,1/1/2021,1/1/2021
587,587,31.7,48.2,1/1/2021,1/1/2021
588,588,31.6,47.5,1/1/2021,1/1/2021
589,589,31.6,48.7,1/1/2021,1/1/2021
590,590,31.6,49.3,1/1/2021,1/1/2021
591,591,31.5,48.7,1/1/2021,1/1/2021
592,592,31.5,48.5,1/1/2021,1/1/2021
593,593,31.4,48.8,1/1/2021,1/1/2021
594,594,31.2,49.2,1/1/2021,1/1/2021
595,595,31.1,49.3,1/1/2021,1/1/2021
596,596,31.1,48.8,1/1/2021,1/1/2021
597,597,31.1,49.0,1/1/2021,1/1/2021
598,598,31.0,49.1,1/1/2021,1/1/2021
599,599,31.0,49.0,1/1/2021,1/1/2021
600,600,30.9,48.2,1/1/2021,1/1/2021
601,601,30.9,48.6,1/1/2021,1/1/2021
602,602,30.8,48.1,1/1/2021,1/1/2021
603,603,30.9,48.3,1/1/2021,1/1/2021
604,604,30.9,49.1,1/1/2021,1/1/2021
605,605,30.9,49.8,1/1/2021,1/1/2021
606,606,31.0,49.3,1/1/2021,1/1/2021
607,607,31.0,49.5,1/1/2021,1/1/2021
608,608,31.0,50.1,1/1/2021,1/1/2021
609,609,31.0,49.4,1/1/2021,1/1/2021
610,610,31.0,49.2,1/1/2021,1/1/2021
611,611,31.0,49.3,1/1/2021,1/1/2021
612,612,31.0,49.5,1/1/2021,1/1/2021
613,613,31.1,48.8,1/1/2021,1/1/2021
614,614,31.0,48.3,1/1/2021,1/1/2021
615,615,30.9,49.2,1/1/2021,1/1/2021
616,616,30.9,49.7,1/1/2021,1/1/2021
617,617,31.0,48.7,1/1/2021,1/1/2021
618,618,31.0,47.1,1/1/2021,1/1/2021
619,619,31.0,47.3,1/1/2021,1/1/2021
620,620,31.0,47.7,1/1/2021,1/1/2021
621,621,31.0,48.3,1/1/2021,1/1/2021
622,622,30.9,49.2,1/1/2021,1/1/2021
623,623,30.9,49.5,1/1/2021,1/1/2021
624,624,30.9,49.4,1/1/2021,1/1/2021
625,625,30.8,50.2,1/1/2021,1/1/2021
626,626,30.8,51.1,1/1/2021,1/1/2021
627,627,30.9,50.9,1/1/2021,1/1/2021
628,628,30.9,50.6,1/1/2021,1/1/2021
629,629,30.9,50.4,1/1/2021,1/1/2021
630,630,30.9,50.4,1/1/2021,1/1/2021
631,631,30.9,51.2,1/1/2021,1/1/2021
632,632,30.9,50.9,1/1/2021,1/1/2021
633,633,30.9,51.3,1/1/2021,1/1/2021
634,634,30.9,50.2,1/1/2021,1/1/2021
635,635,31.0,50.1,1/1/2021,1/1/2021
636,636,30.9,50.0,1/1/2021,1/1/2021
637,637,31.0,50.5,1/1/2021,1/1/2021
638,638,31.0,50.0,1/1/2021,1/1/2021
639,639,31.0,50.4,1/1/2021,1/1/2021
640,640,31.1,50.7,1/1/2021,1/1/2021
641,641,31.1,50.6,1/1/2021,1/1/2021
642,642,31.0,50.9,1/1/2021,1/1/2021
643,643,31.0,50.5,1/1/2021,1/1/2021
644,644,30.9,50.2,1/1/2021,1/1/2021
645,645,30.8,50.0,1/1/2021,1/1/2021
646,646,30.6,49.8,1/1/2021,1/1/2021
647,647,30.6,50.5,1/1/2021,1/1/2021
648,648,30.6,49.6,1/1/2021,1/1/2021
649,649,30.6,49.7,1/1/2021,1/1/2021
650,650,30.6,49.7,1/1/2021,1/1/2021
651,651,30.6,49.5,1/1/2021,1/1/2021
652,652,30.7,50.1,1/1/2021,1/1/2021
653,653,30.7,51.1,1/1/2021,1/1/2021
654,654,30.8,51.2,1/1/2021,1/1/2021
655,655,30.8,51.0,1/1/2021,1/1/2021
656,656,30.8,50.2,1/1/2021,1/1/2021
657,657,30.9,50.4,1/1/2021,1/1/2021
658,658,30.9,49.4,1/1/2021,1/1/2021
659,659,30.8,49.0,1/1/2021,1/1/2021
660,660,30.9,49.2,1/1/2021,1/1/2021
661,661,30.9,48.9,1/1/2021,1/1/2021
662,662,31.0,49.3,1/1/2021,1/1/2021
663,663,31.0,49.0,1/1/2021,1/1/2021
664,664,31.0,49.2,1/1/2021,1/1/2021
665,665,31.0,48.5,1/1/2021,1/1/2021
666,666,31.0,49.6,1/1/2021,1/1/2021
667,667,31.0,50.0,1/1/2021,1/1/2021
668,668,31.1,50.0,1/1/2021,1/1/2021
669,669,31.1,49.1,1/1/2021,1/1/2021
670,670,31.1,48.4,1/1/2021,1/1/2021
671,671,31.1,48.7,1/1/2021,1/1/2021
672,672,31.1,49.2,1/1/2021,1/1/2021
673,673,31.2,50.4,1/1/2021,1/1/2021
674,674,31.2,50.2,1/1/2021,1/1/2021
675,675,31.3,49.9,1/1/2021,1/1/2021
676,676,31.3,49.6,1/1/2021,1/1/2021
677,677,31.4,49.6,1/1/2021,1/1/2021
678,678,31.4,49.0,1/1/2021,1/1/2021
679,679,31.4,48.7,1/1/2021,1/1/2021
680,680,31.4,48.5,1/1/2021,1/1/2021
681,681,31.5,47.2,1/1/2021,1/1/2021
682,682,31.3,48.1,1/1/2021,1/1/2021
683,683,31.3,49.5,1/1/2021,1/1/2021
684,684,31.2,48.7,1/1/2021,1/1/2021
685,685,31.2,49.2,1/1/2021,1/1/2021
686,686,31.2,48.1,1/1/2021,1/1/2021
687,687,31.1,48.0,1/1/2021,1/1/2021
688,688,31.1,48.5,1/1/2021,1/1/2021
689,689,31.1,48.5,1/1/2021,1/1/2021
690,690,31.1,47.1,1/1/2021,1/1/2021
691,691,31.2,48.4,1/1/2021,1/1/2021
692,692,31.2,48.5,1/1/2021,1/1/2021
693,693,31.3,48.6,1/1/2021,1/1/2021
694,694,31.4,48.7,1/1/2021,1/1/2021
695,695,31.4,48.1,1/1/2021,1/1/2021
696,696,31.4,47.6,1/1/2021,1/1/2021
697,697,31.5,47.7,1/1/2021,1/1/2021
698,698,31.5,47.9,1/1/2021,1/1/2021
699,699,31.4,48.1,1/1/2021,1/1/2021
700,700,31.5,48.4,1/1/2021,1/1/2021
701,701,31.5,48.2,1/1/2021,1/1/2021
702,702,31.5,48.1,1/1/2021,1/1/2021
703,703,31.5,48.8,1/1/2021,1/1/2021
704,704,31.6,48.8,1/1/2021,1/1/2021
705,705,31.6,47.9,1/1/2021,1/1/2021
706,706,31.6,47.7,1/1/2021,1/1/2021
707,707,31.6,47.9,1/1/2021,1/1/2021
708,708,31.6,47.9,1/1/2021,1/1/2021
709,709,31.4,47.3,1/1/2021,1/1/2021
710,710,31.3,47.6,1/1/2021,1/1/2021
711,711,31.1,47.2,1/1/2021,1/1/2021
712,712,31.0,47.2,1/1/2021,1/1/2021
713,713,30.9,48.3,1/1/2021,1/1/2021
714,714,30.8,47.4,1/1/2021,1/1/2021
715,715,30.6,47.6,1/1/2021,1/1/2021
716,716,30.5,47.7,1/1/2021,1/1/2021
717,717,30.5,48.6,1/1/2021,1/1/2021
718,718,30.4,48.4,1/1/2021,1/1/2021
719,719,30.4,49.1,1/1/2021,1/1/2021
720,720,30.5,49.7,1/1/2021,1/1/2021
721,721,30.5,49.4,1/1/2021,1/1/2021
722,722,30.5,49.2,1/1/2021,1/1/2021
723,723,30.4,48.6,1/1/2021,1/1/2021
724,724,30.3,48.6,1/1/2021,1/1/2021
725,725,30.3,49.1,1/1/2021,1/1/2021
726,726,30.4,49.7,1/1/2021,1/1/2021
727,727,30.4,49.5,1/1/2021,1/1/2021
728,728,30.5,49.4,1/1/2021,1/1/2021
729,729,30.5,50.5,1/1/2021,1/1/2021
730,730,30.5,50.0,1/1/2021,1/1/2021
731,731,30.6,50.2,1/1/2021,1/1/2021
732,732,30.7,50.4,1/1/2021,1/1/2021
733,733,30.8,50.0,1/1/2021,1/1/2021
734,734,30.9,50.4,1/1/2021,1/1/2021
735,735,31.0,50.2,1/1/2021,1/1/2021
736,736,31.1,49.6,1/1/2021,1/1/2021
737,737,31.2,49.1,1/1/2021,1/1/2021
738,738,31.1,48.7,1/1/2021,1/1/2021
739,739,31.2,48.5,1/1/2021,1/1/2021
740,740,31.2,48.4,1/1/2021,1/1/2021
741,741,31.2,48.4,1/1/2021,1/1/2021
742,742,31.3,48.3,1/1/2021,1/1/2021
743,743,31.4,48.1,1/1/2021,1/1/2021
744,744,31.4,47.9,1/1/2021,1/1/2021
745,745,31.5,47.7,1/1/2021,1/1/2021
746,746,31.6,47.6,1/1/2021,1/1/2021
747,747,31.6,47.6,1/1/2021,1/1/2021
748,748,31.7,47.0,1/1/2021,1/1/2021
749,749,31.6,46.9,1/1/2021,1/1/2021
750,750,31.4,46.6,1/1/2021,1/1/2021
751,751,31.3,46.8,1/1/2021,1/1/2021
752,752,31.2,46.7,1/1/2021,1/1/2021
753,753,31.1,46.6,1/1/2021,1/1/2021
754,754,31.0,47.2,1/1/2021,1/1/2021
755,755,30.9,47.0,1/1/2021,1/1/2021
756,756,30.7,46.8,1/1/2021,1/1/2021
757,757,30.5,46.5,1/1/2021,1/1/2021
758,758,30.4,47.4,1/1/2021,1/1/2021
759,759,30.4,47.1,1/1/2021,1/1/2021
760,760,30.2,47.9,1/1/2021,1/1/2021
761,761,30.1,48.7,1/1/2021,1/1/2021
762,762,30.2,49.5,1/1/2021,1/1/2021
763,763,30.1,48.6,1/1/2021,1/1/2021
764,764,30.0,48.3,1/1/2021,1/1/2021
765,765,30.0,48.4,1/1/2021,1/1/2021
766,766,30.0,49.3,1/1/2021,1/1/2021
767,767,30.0,49.0,1/1/2021,1/1/2021
768,768,30.0,49.4,1/1/2021,1/1/2021
769,769,30.0,50.1,1/1/2021,1/1/2021
770,770,30.1,49.5,1/1/2021,1/1/2021
771,771,30.2,48.8,1/1/2021,1/1/2021
772,772,30.2,47.8,1/1/2021,1/1/2021
773,773,30.2,47.8,1/1/2021,1/1/2021
774,774,30.2,48.1,1/1/2021,1/1/2021
775,775,30.0,47.9,1/1/2021,1/1/2021
776,776,29.9,48.0,1/1/2021,1/1/2021
777,777,29.8,48.9,1/1/2021,1/1/2021
778,778,29.9,49.6,1/1/2021,1/1/2021
779,779,29.7,48.8,1/1/2021,1/1/2021
780,780,29.6,48.4,1/1/2021,1/1/2021
781,781,29.5,48.2,1/1/2021,1/1/2021
782,782,29.5,48.3,1/1/2021,1/1/2021
783,783,29.6,48.5,1/1/2021,1/1/2021
784,784,29.6,48.8,1/1/2021,1/1/2021
785,785,29.6,49.1,1/1/2021,1/1/2021
786,786,29.5,49.4,1/1/2021,1/1/2021
787,787,29.6,49.3,1/1/2021,1/1/2021
788,788,29.6,49.2,1/1/2021,1/1/2021
789,789,29.5,48.9,1/1/2021,1/1/2021
790,790,29.4,49.0,1/1/2021,1/1/2021
791,791,29.4,49.2,1/1/2021,1/1/2021
792,792,29.5,50.1,1/1/2021,1/1/2021
793,793,29.4,50.6,1/1/2021,1/1/2021
794,794,29.4,50.3,1/1/2021,1/1/2021
795,795,29.5,50.5,1/1/2021,1/1/2021
796,796,29.5,50.5,1/1/2021,1/1/2021
797,797,29.6,50.8,1/1/2021,1/1/2021
798,798,29.6,50.6,1/1/2021,1/1/2021
799,799,29.7,51.2,1/1/2021,1/1/2021
800,800,29.8,51.3,1/1/2021,1/1/2021
801,801,29.9,51.1,1/1/2021,1/1/2021
802,802,30.0,51.0,1/1/2021,1/1/2021
803,803,30.1,50.2,1/1/2021,1/1/2021
804,804,30.1,49.9,1/1/2021,1/1/2021
805,805,30.1,49.6,1/1/2021,1/1/2021
806,806,30.2,49.8,1/1/2021,1/1/2021
807,807,30.2,49.4,1/1/2021,1/1/2021
808,808,30.3,49.7,1/1/2021,1/1/2021
809,809,30.4,49.6,1/1/2021,1/1/2021
810,810,30.4,48.9,1/1/2021,1/1/2021
811,811,30.4,49.7,1/1/2021,1/1/2021
812,812,30.4,50.2,1/1/2021,1/1/2021
813,813,30.5,50.0,1/1/2021,1/1/2021
814,814,30.6,49.9,1/1/2021,1/1/2021
815,815,30.8,50.0,1/1/2021,1/1/2021
816,816,30.9,49.1,1/1/2021,1/1/2021
817,817,31.0,48.6,1/1/2021,1/1/2021
818,818,31.2,48.7,1/1/2021,1/1/2021
819,819,31.3,48.0,1/1/2021,1/1/2021
820,820,31.4,47.4,1/1/2021,1/1/2021
821,821,31.5,47.3,1/1/2021,1/1/2021
822,822,31.6,47.7,1/1/2021,1/1/2021
823,823,31.7,48.3,1/1/2021,1/1/2021
824,824,31.8,47.2,1/1/2021,1/1/2021
825,825,31.9,47.0,1/1/2021,1/1/2021
826,826,32.0,47.2,1/1/2021,1/1/2021
827,827,32.0,47.2,1/1/2021,1/1/2021
828,828,32.2,47.2,1/1/2021,1/1/2021
829,829,32.3,47.2,1/1/2021,1/1/2021
830,830,32.4,47.3,1/1/2021,1/1/2021
831,831,32.4,47.0,1/1/2021,1/1/2021
832,832,32.4,46.9,1/1/2021,1/1/2021
833,833,32.4,46.3,1/1/2021,1/1/2021
834,834,32.5,46.7,1/1/2021,1/1/2021
835,835,32.5,46.7,1/1/2021,1/1/2021
836,836,32.6,46.3,1/1/2021,1/1/2021
837,837,32.6,45.9,1/1/2021,1/1/2021
838,838,32.6,46.3,1/1/2021,1/1/2021
839,839,32.6,45.4,1/1/2021,1/1/2021
840,840,32.7,45.6,1/1/2021,1/1/2021
841,841,32.7,45.5,1/1/2021,1/1/2021
842,842,32.8,45.2,1/1/2021,1/1/2021
843,843,32.9,45.2,1/1/2021,1/1/2021
844,844,32.9,45.1,1/1/2021,1/1/2021
845,845,33.1,45.7,1/1/2021,1/1/2021
846,846,33.1,46.2,1/1/2021,1/1/2021
847,847,33.2,46.6,1/1/2021,1/1/2021
848,848,33.3,47.0,1/1/2021,1/1/2021
849,849,33.4,47.5,1/1/2021,1/1/2021
850,850,33.5,46.6,1/1/2021,1/1/2021
851,851,33.6,45.8,1/1/2021,1/1/2021
852,852,33.6,45.9,1/1/2021,1/1/2021
853,853,33.6,45.6,1/1/2021,1/1/2021
854,854,33.6,45.8,1/1/2021,1/1/2021
855,855,33.5,45.6,1/1/2021,1/1/2021
856,856,33.5,46.1,1/1/2021,1/1/2021
857,857,33.6,46.8,1/1/2021,1/1/2021
858,858,33.6,46.0,1/1/2021,1/1/2021
859,859,33.6,45.4,1/1/2021,1/1/2021
860,860,33.6,45.5,1/1/2021,1/1/2021
861,861,33.6,45.5,1/1/2021,1/1/2021
862,862,33.7,44.5,1/1/2021,1/1/2021
863,863,33.6,44.1,1/1/2021,1/1/2021
864,864,33.6,44.4,1/1/2021,1/1/2021
865,865,33.6,45.0,1/1/2021,1/1/2021
866,866,33.6,44.8,1/1/2021,1/1/2021
867,867,33.6,44.4,1/1/2021,1/1/2021
868,868,33.6,44.3,1/1/2021,1/1/2021
869,869,33.6,44.1,1/1/2021,1/1/2021
870,870,33.6,44.9,1/1/2021,1/1/2021
871,871,33.7,44.8,1/1/2021,1/1/2021
872,872,33.8,45.2,1/1/2021,1/1/2021
873,873,33.7,44.9,1/1/2021,1/1/2021
874,874,33.5,43.9,1/1/2021,1/1/2021
875,875,33.5,44.4,1/1/2021,1/1/2021
876,876,33.4,44.0,1/1/2021,1/1/2021
877,877,33.4,44.1,1/1/2021,1/1/2021
878,878,33.4,44.3,1/1/2021,1/1/2021
879,879,33.4,45.1,1/1/2021,1/1/2021
880,880,33.4,44.8,1/1/2021,1/1/2021
881,881,33.5,45.3,1/1/2021,1/1/2021
882,882,33.5,46.4,1/1/2021,1/1/2021
883,883,33.5,46.3,1/1/2021,1/1/2021
884,884,33.5,45.3,1/1/2021,1/1/2021
885,885,33.4,45.3,1/1/2021,1/1/2021
886,886,33.4,45.7,1/1/2021,1/1/2021
887,887,33.3,45.8,1/1/2021,1/1/2021
888,888,33.2,46.0,1/1/2021,1/1/2021
889,889,33.2,46.6,1/1/2021,1/1/2021
890,890,33.3,47.3,1/1/2021,1/1/2021
891,891,33.2,47.3,1/1/2021,1/1/2021
892,892,33.2,47.0,1/1/2021,1/1/2021
893,893,33.3,46.8,1/1/2021,1/1/2021
894,894,33.3,47.5,1/1/2021,1/1/2021
895,895,33.3,46.4,1/1/2021,1/1/2021
896,896,33.3,46.3,1/1/2021,1/1/2021
897,897,33.2,45.1,1/1/2021,1/1/2021
898,898,33.1,44.9,1/1/2021,1/1/2021
899,899,32.9,44.7,1/1/2021,1/1/2021
900,900,32.8,44.5,1/1/2021,1/1/2021
901,901,32.6,44.4,1/1/2021,1/1/2021
902,902,32.6,45.2,1/1/2021,1/1/2021
903,903,32.5,44.9,1/1/2021,1/1/2021
904,904,32.5,45.0,1/1/2021,1/1/2021
905,905,32.5,45.4,1/1/2021,1/1/2021
906,906,32.6,45.7,1/1/2021,1/1/2021
907,907,32.6,45.9,1/1/2021,1/1/2021
908,908,32.6,45.8,1/1/2021,1/1/2021
909,909,32.6,45.8,1/1/2021,1/1/2021
910,910,32.6,45.8,1/1/2021,1/1/2021
911,911,32.7,45.9,1/1/2021,1/1/2021
912,912,32.7,45.5,1/1/2021,1/1/2021
913,913,32.6,45.5,1/1/2021,1/1/2021
914,914,32.5,45.2,1/1/2021,1/1/2021
915,915,32.5,45.3,1/1/2021,1/1/2021
916,916,32.4,45.6,1/1/2021,1/1/2021
917,917,32.4,46.3,1/1/2021,1/1/2021
918,918,32.4,46.3,1/1/2021,1/1/2021
919,919,32.5,46.4,1/1/2021,1/1/2021
920,920,32.5,45.9,1/1/2021,1/1/2021
921,921,32.5,46.0,1/1/2021,1/1/2021
922,922,32.4,46.2,1/1/2021,1/1/2021
923,923,32.5,46.9,1/1/2021,1/1/2021
924,924,32.5,46.7,1/1/2021,1/1/2021
925,925,32.5,47.1,1/1/2021,1/1/2021
926,926,32.6,46.2,1/1/2021,1/1/2021
927,927,32.6,46.4,1/1/2021,1/1/2021
928,928,32.7,46.3,1/1/2021,1/1/2021
929,929,32.8,46.6,1/1/2021,1/1/2021
930,930,32.9,46.3,1/1/2021,1/1/2021
931,931,33.0,46.3,1/1/2021,1/1/2021
932,932,33.0,45.8,1/1/2021,1/1/2021
933,933,33.1,45.3,1/1/2021,1/1/2021
934,934,33.1,44.9,1/1/2021,1/1/2021
935,935,33.1,44.8,1/1/2021,1/1/2021
936,936,33.1,45.0,1/1/2021,1/1/2021
937,937,33.1,45.0,1/1/2021,1/1/2021
938,938,33.1,44.9,1/1/2021,1/1/2021
939,939,33.1,45.3,1/1/2021,1/1/2021
940,940,33.1,46.4,1/1/2021,1/1/2021
941,941,33.2,46.4,1/1/2021,1/1/2021
942,942,33.3,45.1,1/1/2021,1/1/2021
943,943,33.2,44.8,1/1/2021,1/1/2021
944,944,33.2,44.2,1/1/2021,1/1/2021
945,945,33.1,43.9,1/1/2021,1/1/2021
946,946,33.0,44.8,1/1/2021,1/1/2021
947,947,32.9,45.2,1/1/2021,1/1/2021
948,948,32.9,45.2,1/1/2021,1/1/2021
949,949,32.8,47.4,1/1/2021,1/1/2021
950,950,32.8,45.6,1/1/2021,1/1/2021
951,951,32.8,45.2,1/1/2021,1/1/2021
952,952,32.8,45.2,1/1/2021,1/1/2021
953,953,32.7,46.0,1/1/2021,1/1/2021
954,954,32.7,46.6,1/1/2021,1/1/2021
955,955,32.6,46.7,1/1/2021,1/1/2021
956,956,32.6,47.1,1/1/2021,1/1/2021
957,957,32.5,46.4,1/1/2021,1/1/2021
958,958,32.4,46.9,1/1/2021,1/1/2021
959,959,32.4,47.0,1/1/2021,1/1/2021
960,960,32.3,47.5,1/1/2021,1/1/2021
961,961,32.3,47.4,1/1/2021,1/1/2021
962,962,32.4,48.3,1/1/2021,1/1/2021
963,963,32.4,47.4,1/1/2021,1/1/2021
964,964,32.4,47.0,1/1/2021,1/1/2021
965,965,32.4,47.1,1/1/2021,1/1/2021
966,966,32.3,46.7,1/1/2021,1/1/2021
967,967,32.3,47.5,1/1/2021,1/1/2021
968,968,32.2,47.1,1/1/2021,1/1/2021
969,969,32.3,47.1,1/1/2021,1/1/2021
970,970,32.3,46.2,1/1/2021,1/1/2021
971,971,32.4,45.9,1/1/2021,1/1/2021
972,972,32.5,46.3,1/1/2021,1/1/2021
973,973,32.6,46.2,1/1/2021,1/1/2021
974,974,32.6,44.9,1/1/2021,1/1/2021
975,975,32.6,44.4,1/1/2021,1/1/2021
976,976,32.6,44.2,1/1/2021,1/1/2021
977,977,32.6,44.9,1/1/2021,1/1/2021
978,978,32.6,44.9,1/1/2021,1/1/2021
979,979,32.7,45.9,1/1/2021,1/1/2021
980,980,32.7,46.0,1/1/2021,1/1/2021
981,981,32.8,45.4,1/1/2021,1/1/2021
982,982,32.9,45.4,1/1/2021,1/1/2021
983,983,32.9,46.6,1/1/2021,1/1/2021
984,984,32.9,46.9,1/1/2021,1/1/2021
985,985,32.9,46.0,1/1/2021,1/1/2021
986,986,32.9,45.4,1/1/2021,1/1/2021
987,987,32.9,45.5,1/1/2021,1/1/2021
988,988,32.8,46.8,1/1/2021,1/1/2021
989,989,32.7,46.1,1/1/2021,1/1/2021
990,990,32.7,46.6,1/1/2021,1/1/2021
991,991,32.5,45.9,1/1/2021,1/1/2021
992,992,32.5,46.4,1/1/2021,1/1/2021
993,993,32.5,46.9,1/1/2021,1/1/2021
994,994,32.4,47.3,1/1/2021,1/1/2021
995,995,32.4,48.0,1/1/2021,1/1/2021
996,996,32.3,48.0,1/1/2021,1/1/2021
997,997,32.3,48.0,1/1/2021,1/1/2021
998,998,32.2,48.4,1/1/2021,1/1/2021
999,999,32.3,48.4,1/1/2021,1/1/2021
1000,1000,32.3,47.7,1/1/2021,1/1/2021
1001,1001,32.3,47.7,1/1/2021,1/1/2021
1002,1002,32.3,47.1,1/1/2021,1/1/2021
1003,1003,32.3,47.0,1/1/2021,1/1/2021
1004,1004,32.2,47.7,1/1/2021,1/1/2021
1005,1005,32.2,47.1,1/1/2021,1/1/2021
1006,1006,32.2,47.9,1/1/2021,1/1/2021
1007,1007,32.1,48.6,1/1/2021,1/1/2021
1008,1008,32.1,49.5,1/1/2021,1/1/2021
1009,1009,32.1,49.1,1/1/2021,1/1/2021
1010,1010,32.1,49.3,1/1/2021,1/1/2021
1011,1011,32.2,49.4,1/1/2021,1/1/2021
1012,1012,32.3,49.3,1/1/2021,1/1/2021
1013,1013,32.3,48.5,1/1/2021,1/1/2021
1014,1014,32.3,47.8,1/1/2021,1/1/2021
1015,1015,32.3,47.8,1/1/2021,1/1/2021
1016,1016,32.3,48.2,1/1/2021,1/1/2021
1017,1017,32.2,47.6,1/1/2021,1/1/2021
1018,1018,32.2,47.6,1/1/2021,1/1/2021
1019,1019,32.2,47.9,1/1/2021,1/1/2021
1020,1020,32.1,48.3,1/1/2021,1/1/2021
1021,1021,32.2,48.1,1/1/2021,1/1/2021
1022,1022,32.2,47.3,1/1/2021,1/1/2021
1023,1023,32.2,48.2,1/1/2021,1/1/2021
1024,1024,32.3,48.3,1/1/2021,1/1/2021
1025,1025,32.4,47.9,1/1/2021,1/1/2021
1026,1026,32.5,48.2,1/1/2021,1/1/2021
1027,1027,32.6,47.5,1/1/2021,1/1/2021
1028,1028,32.7,47.2,1/1/2021,1/1/2021
1029,1029,32.6,46.1,1/1/2021,1/1/2021
1030,1030,32.5,47.7,1/1/2021,1/1/2021
1031,1031,32.5,47.1,1/1/2021,1/1/2021
1032,1032,32.5,46.1,1/1/2021,1/1/2021
1033,1033,32.5,45.7,1/1/2021,1/1/2021
1034,1034,32.5,45.9,1/1/2021,1/1/2021
1035,1035,32.4,45.9,1/1/2021,1/1/2021
1036,1036,32.4,46.7,1/1/2021,1/1/2021
1037,1037,32.4,47.2,1/1/2021,1/1/2021
1038,1038,32.3,47.8,1/1/2021,1/1/2021
1039,1039,32.3,47.2,1/1/2021,1/1/2021
1040,1040,32.3,47.6,1/1/2021,1/1/2021
1041,1041,32.2,47.6,1/1/2021,1/1/2021
1042,1042,32.1,48.2,1/1/2021,1/1/2021
1043,1043,32.0,47.9,1/1/2021,1/1/2021
1044,1044,32.0,47.8,1/1/2021,1/1/2021
1045,1045,32.0,46.6,1/1/2021,1/1/2021
1046,1046,32.0,46.7,1/1/2021,1/1/2021
1047,1047,32.0,46.8,1/1/2021,1/1/2021
1048,1048,32.0,46.8,1/1/2021,1/1/2021
1049,1049,32.0,46.6,1/1/2021,1/1/2021
1050,1050,32.1,46.6,1/1/2021,1/1/2021
1051,1051,32.1,45.7,1/1/2021,1/1/2021
1052,1052,32.1,45.8,1/1/2021,1/1/2021
1053,1053,32.0,46.0,1/1/2021,1/1/2021
1054,1054,31.9,46.3,1/1/2021,1/1/2021
1055,1055,31.9,46.9,1/1/2021,1/1/2021
1056,1056,31.8,46.8,1/1/2021,1/1/2021
1057,1057,31.7,47.4,1/1/2021,1/1/2021
1058,1058,31.6,48.4,1/1/2021,1/1/2021
1059,1059,31.7,48.3,1/1/2021,1/1/2021
1060,1060,31.7,48.7,1/1/2021,1/1/2021
1061,1061,31.7,48.7,1/1/2021,1/1/2021
1062,1062,31.8,49.2,1/1/2021,1/1/2021
1063,1063,31.8,49.5,1/1/2021,1/1/2021
1064,1064,31.9,49.3,1/1/2021,1/1/2021
1065,1065,31.9,49.3,1/1/2021,1/1/2021
1066,1066,32.0,49.2,1/1/2021,1/1/2021
1067,1067,32.0,48.4,1/1/2021,1/1/2021
1068,1068,32.0,48.7,1/1/2021,1/1/2021
1069,1069,32.0,48.8,1/1/2021,1/1/2021
1070,1070,32.1,48.3,1/1/2021,1/1/2021
1071,1071,32.1,48.5,1/1/2021,1/1/2021
1072,1072,32.2,48.2,1/1/2021,1/1/2021
1073,1073,32.2,48.9,1/1/2021,1/1/2021
1074,1074,32.3,48.6,1/1/2021,1/1/2021
1075,1075,32.2,47.9,1/1/2021,1/1/2021
1076,1076,32.2,47.6,1/1/2021,1/1/2021
1077,1077,32.2,47.7,1/1/2021,1/1/2021
1078,1078,32.2,47.8,1/1/2021,1/1/2021
1079,1079,32.2,47.6,1/1/2021,1/1/2021
1080,1080,32.1,47.0,1/1/2021,1/1/2021
1081,1081,32.0,47.0,1/1/2021,1/1/2021
1082,1082,32.0,47.5,1/1/2021,1/1/2021
1083,1083,32.0,47.2,1/1/2021,1/1/2021
1084,1084,31.8,47.3,1/1/2021,1/1/2021
1085,1085,31.8,48.0,1/1/2021,1/1/2021
1086,1086,31.7,48.2,1/1/2021,1/1/2021
1087,1087,31.7,47.9,1/1/2021,1/1/2021
1088,1088,31.6,47.7,1/1/2021,1/1/2021
1089,1089,31.6,47.7,1/1/2021,1/1/2021
1090,1090,31.6,48.0,1/1/2021,1/1/2021
1091,1091,31.6,48.4,1/1/2021,1/1/2021
1092,1092,31.5,48.9,1/1/2021,1/1/2021
1093,1093,31.4,49.1,1/1/2021,1/1/2021
1094,1094,31.4,49.7,1/1/2021,1/1/2021
1095,1095,31.3,50.0,1/1/2021,1/1/2021
1096,1096,31.2,50.4,1/1/2021,1/1/2021
1097,1097,31.1,50.5,1/1/2021,1/1/2021
1098,1098,31.1,51.0,1/1/2021,1/1/2021
1099,1099,31.0,51.3,1/1/2021,1/1/2021
1100,1100,31.0,50.6,1/1/2021,1/1/2021
1101,1101,30.9,50.6,1/1/2021,1/1/2021
1102,1102,30.8,50.2,1/1/2021,1/1/2021
1103,1103,30.7,50.3,1/1/2021,1/1/2021
1104,1104,30.7,51.2,1/1/2021,1/1/2021
1105,1105,30.7,50.7,1/1/2021,1/1/2021
1106,1106,30.8,51.0,1/1/2021,1/1/2021
1107,1107,30.7,50.9,1/1/2021,1/1/2021
1108,1108,30.7,50.4,1/1/2021,1/1/2021
1109,1109,30.7,50.8,1/1/2021,1/1/2021
1110,1110,30.7,50.9,1/1/2021,1/1/2021
1111,1111,30.8,51.1,1/1/2021,1/1/2021
1112,1112,30.8,50.4,1/1/2021,1/1/2021
1113,1113,30.8,50.2,1/1/2021,1/1/2021
1114,1114,30.8,51.8,1/1/2021,1/1/2021
1115,1115,30.8,51.8,1/1/2021,1/1/2021
1116,1116,30.8,51.3,1/1/2021,1/1/2021
1117,1117,30.8,50.4,1/1/2021,1/1/2021
1118,1118,30.8,50.7,1/1/2021,1/1/2021
1119,1119,30.7,50.7,1/1/2021,1/1/2021
1120,1120,30.7,50.9,1/1/2021,1/1/2021
1121,1121,30.7,51.3,1/1/2021,1/1/2021
1122,1122,30.7,51.9,1/1/2021,1/1/2021
1123,1123,30.6,51.0,1/1/2021,1/1/2021
1124,1124,30.6,51.1,1/1/2021,1/1/2021
1125,1125,30.5,51.7,1/1/2021,1/1/2021
1126,1126,30.5,51.3,1/1/2021,1/1/2021
1127,1127,30.5,50.9,1/1/2021,1/1/2021
1128,1128,30.5,51.0,1/1/2021,1/1/2021
1129,1129,30.6,51.4,1/1/2021,1/1/2021
1130,1130,30.6,51.6,1/1/2021,1/1/2021
1131,1131,30.7,51.7,1/1/2021,1/1/2021
1132,1132,30.8,51.0,1/1/2021,1/1/2021
1133,1133,30.9,50.3,1/1/2021,1/1/2021
1134,1134,30.9,49.1,1/1/2021,1/1/2021
1135,1135,30.9,49.0,1/1/2021,1/1/2021
1136,1136,30.9,49.1,1/1/2021,1/1/2021
1137,1137,30.8,49.7,1/1/2021,1/1/2021
1138,1138,30.8,50.5,1/1/2021,1/1/2021
1139,1139,30.7,50.7,1/1/2021,1/1/2021
1140,1140,30.7,51.2,1/1/2021,1/1/2021
1141,1141,30.8,52.3,1/1/2021,1/1/2021
1142,1142,30.8,52.2,1/1/2021,1/1/2021
1143,1143,30.7,51.2,1/1/2021,1/1/2021
1144,1144,30.6,51.5,1/1/2021,1/1/2021
1145,1145,30.7,51.7,1/1/2021,1/1/2021
1146,1146,30.7,52.6,1/1/2021,1/1/2021
1147,1147,30.7,51.0,1/1/2021,1/1/2021
1148,1148,30.6,50.8,1/1/2021,1/1/2021
1149,1149,30.6,50.7,1/1/2021,1/1/2021
1150,1150,30.6,50.5,1/1/2021,1/1/2021
1151,1151,30.6,50.2,1/1/2021,1/1/2021
1152,1152,30.7,51.8,1/1/2021,1/1/2021
1153,1153,30.7,52.0,1/1/2021,1/1/2021
1154,1154,30.8,51.5,1/1/2021,1/1/2021
1155,1155,30.8,51.7,1/1/2021,1/1/2021
1156,1156,30.8,51.6,1/1/2021,1/1/2021
1157,1157,30.9,51.2,1/1/2021,1/1/2021
1158,1158,30.9,51.5,1/1/2021,1/1/2021
1159,1159,30.9,51.9,1/1/2021,1/1/2021
1160,1160,30.9,52.0,1/1/2021,1/1/2021
1161,1161,30.9,52.1,1/1/2021,1/1/2021
1162,1162,30.9,52.1,1/1/2021,1/1/2021
1163,1163,30.9,52.1,1/1/2021,1/1/2021
1164,1164,31.0,52.1,1/1/2021,1/1/2021
1165,1165,31.0,51.8,1/1/2021,1/1/2021
1166,1166,31.0,50.9,1/1/2021,1/1/2021
1167,1167,31.1,51.0,1/1/2021,1/1/2021
1168,1168,31.1,51.4,1/1/2021,1/1/2021
1169,1169,31.1,51.0,1/1/2021,1/1/2021
1170,1170,31.1,51.0,1/1/2021,1/1/2021
1171,1171,31.2,51.0,1/1/2021,1/1/2021
1172,1172,31.2,50.7,1/1/2021,1/1/2021
1173,1173,31.2,50.6,1/1/2021,1/1/2021
1174,1174,31.1,50.1,1/1/2021,1/1/2021
1175,1175,31.1,50.4,1/1/2021,1/1/2021
1176,1176,31.1,50.3,1/1/2021,1/1/2021
1177,1177,31.1,50.1,1/1/2021,1/1/2021
1178,1178,31.1,50.1,1/1/2021,1/1/2021
1179,1179,31.1,49.7,1/1/2021,1/1/2021
1180,1180,31.2,50.0,1/1/2021,1/1/2021
1181,1181,31.1,50.4,1/1/2021,1/1/2021
1182,1182,31.1,49.7,1/1/2021,1/1/2021
1183,1183,31.0,49.8,1/1/2021,1/1/2021
1184,1184,31.0,50.0,1/1/2021,1/1/2021
1185,1185,31.0,50.0,1/1/2021,1/1/2021
1186,1186,31.0,49.6,1/1/2021,1/1/2021
1187,1187,31.0,49.3,1/1/2021,1/1/2021
1188,1188,30.9,49.3,1/1/2021,1/1/2021
1189,1189,30.8,49.4,1/1/2021,1/1/2021
1190,1190,30.7,50.2,1/1/2021,1/1/2021
1191,1191,30.8,51.1,1/1/2021,1/1/2021
1192,1192,30.8,51.1,1/1/2021,1/1/2021
1193,1193,30.8,51.3,1/1/2021,1/1/2021
1194,1194,30.8,50.5,1/1/2021,1/1/2021
1195,1195,30.8,51.3,1/1/2021,1/1/2021
1196,1196,30.8,50.6,1/1/2021,1/1/2021
1197,1197,30.8,50.2,1/1/2021,1/1/2021
1198,1198,30.8,50.9,1/1/2021,1/1/2021
1199,1199,30.8,50.9,1/1/2021,1/1/2021
1200,1200,30.8,51.2,1/1/2021,1/1/2021
1201,1201,30.8,50.7,1/1/2021,1/1/2021
1202,1202,30.8,49.6,1/1/2021,1/1/2021
1203,1203,30.8,50.0,1/1/2021,1/1/2021
1204,1204,30.7,49.9,1/1/2021,1/1/2021
1205,1205,30.8,50.8,1/1/2021,1/1/2021
1206,1206,30.8,50.7,1/1/2021,1/1/2021
1207,1207,30.8,50.9,1/1/2021,1/1/2021
1208,1208,30.9,50.7,1/1/2021,1/1/2021
1209,1209,30.9,50.4,1/1/2021,1/1/2021
1210,1210,30.9,51.4,1/1/2021,1/1/2021
1211,1211,31.0,51.0,1/1/2021,1/1/2021
1212,1212,31.0,49.6,1/1/2021,1/1/2021
1213,1213,31.0,49.9,1/1/2021,1/1/2021
1214,1214,31.1,50.7,1/1/2021,1/1/2021
1215,1215,31.1,50.4,1/1/2021,1/1/2021
1216,1216,31.1,50.2,1/1/2021,1/1/2021
1217,1217,31.1,49.3,1/1/2021,1/1/2021
1218,1218,31.2,50.1,1/1/2021,1/1/2021
1219,1219,31.2,49.5,1/1/2021,1/1/2021
1220,1220,31.4,49.2,1/1/2021,1/1/2021
1221,1221,31.4,49.0,1/1/2021,1/1/2021
1222,1222,31.5,48.7,1/1/2021,1/1/2021
1223,1223,31.5,48.6,1/1/2021,1/1/2021
1224,1224,31.6,48.2,1/1/2021,1/1/2021
1225,1225,31.6,48.6,1/1/2021,1/1/2021
1226,1226,31.7,48.1,1/1/2021,1/1/2021
1227,1227,31.7,47.7,1/1/2021,1/1/2021
1228,1228,31.7,47.4,1/1/2021,1/1/2021
1229,1229,31.7,47.2,1/1/2021,1/1/2021
1230,1230,31.7,47.8,1/1/2021,1/1/2021
1231,1231,31.8,48.6,1/1/2021,1/1/2021
1232,1232,31.7,49.1,1/1/2021,1/1/2021
1233,1233,31.7,48.7,1/1/2021,1/1/2021
1234,1234,31.6,48.1,1/1/2021,1/1/2021
1235,1235,31.6,48.2,1/1/2021,1/1/2021
1236,1236,31.5,48.0,1/1/2021,1/1/2021
1237,1237,31.6,48.9,1/1/2021,1/1/2021
1238,1238,31.5,49.1,1/1/2021,1/1/2021
1239,1239,31.6,49.3,1/1/2021,1/1/2021
1240,1240,31.6,48.8,1/1/2021,1/1/2021
1241,1241,31.5,48.6,1/1/2021,1/1/2021
1242,1242,31.6,48.4,1/1/2021,1/1/2021
1243,1243,31.6,47.8,1/1/2021,1/1/2021
1244,1244,31.6,47.3,1/1/2021,1/1/2021
1245,1245,31.6,47.7,1/1/2021,1/1/2021
1246,1246,31.5,48.4,1/1/2021,1/1/2021
1247,1247,31.4,48.7,1/1/2021,1/1/2021
1248,1248,31.4,49.2,1/1/2021,1/1/2021
1249,1249,31.4,49.4,1/1/2021,1/1/2021
1250,1250,31.4,49.6,1/1/2021,1/1/2021
1251,1251,31.4,48.9,1/1/2021,1/1/2021
1252,1252,31.3,49.0,1/1/2021,1/1/2021
1253,1253,31.2,48.5,1/1/2021,1/1/2021
1254,1254,31.1,48.8,1/1/2021,1/1/2021
1255,1255,30.9,49.0,1/1/2021,1/1/2021
1256,1256,30.9,50.3,1/1/2021,1/1/2021
1257,1257,30.8,50.7,1/1/2021,1/1/2021
1258,1258,30.7,50.8,1/1/2021,1/1/2021
1259,1259,30.6,50.4,1/1/2021,1/1/2021
1260,1260,30.5,50.9,1/1/2021,1/1/2021
1261,1261,30.5,51.1,1/1/2021,1/1/2021
1262,1262,30.5,50.4,1/1/2021,1/1/2021
1263,1263,30.4,50.7,1/1/2021,1/1/2021
1264,1264,30.4,51.1,1/1/2021,1/1/2021
1265,1265,30.3,51.5,1/1/2021,1/1/2021
1266,1266,30.4,51.4,1/1/2021,1/1/2021
1267,1267,30.4,51.4,1/1/2021,1/1/2021
1268,1268,30.4,51.4,1/1/2021,1/1/2021
1269,1269,30.4,51.1,1/1/2021,1/1/2021
1270,1270,30.4,51.1,1/1/2021,1/1/2021
1271,1271,30.4,51.1,1/1/2021,1/1/2021
1272,1272,30.4,50.7,1/1/2021,1/1/2021
1273,1273,30.4,51.3,1/1/2021,1/1/2021
1274,1274,30.4,51.5,1/1/2021,1/1/2021
1275,1275,30.4,51.9,1/1/2021,1/1/2021
1276,1276,30.4,52.1,1/1/2021,1/1/2021
1277,1277,30.4,51.7,1/1/2021,1/1/2021
1278,1278,30.3,51.5,1/1/2021,1/1/2021
1279,1279,30.3,51.2,1/1/2021,1/1/2021
1280,1280,30.3,51.6,1/1/2021,1/1/2021
1281,1281,30.2,50.9,1/1/2021,1/1/2021
1282,1282,30.2,51.5,1/1/2021,1/1/2021
1283,1283,30.2,51.9,1/1/2021,1/1/2021
1284,1284,30.3,52.4,1/1/2021,1/1/2021
1285,1285,30.3,51.4,1/1/2021,1/1/2021
1286,1286,30.4,51.5,1/1/2021,1/1/2021
1287,1287,30.3,51.1,1/1/2021,1/1/2021
1288,1288,30.4,51.2,1/1/2021,1/1/2021
1289,1289,30.4,51.2,1/1/2021,1/1/2021
1290,1290,30.5,51.1,1/1/2021,1/1/2021
1291,1291,30.5,51.6,1/1/2021,1/1/2021
1292,1292,30.5,51.7,1/1/2021,1/1/2021
1293,1293,30.5,52.3,1/1/2021,1/1/2021
1294,1294,30.6,52.6,1/1/2021,1/1/2021
1295,1295,30.6,51.9,1/1/2021,1/1/2021
1296,1296,30.6,50.3,1/1/2021,1/1/2021
1297,1297,30.5,49.7,1/1/2021,1/1/2021
1298,1298,30.5,50.1,1/1/2021,1/1/2021
1299,1299,30.5,51.0,1/1/2021,1/1/2021
1300,1300,30.4,51.3,1/1/2021,1/1/2021
1301,1301,30.4,51.4,1/1/2021,1/1/2021
1302,1302,30.4,51.1,1/1/2021,1/1/2021
1303,1303,30.3,50.7,1/1/2021,1/1/2021
1304,1304,30.3,51.0,1/1/2021,1/1/2021
1305,1305,30.2,51.3,1/1/2021,1/1/2021
1306,1306,30.2,52.2,1/1/2021,1/1/2021
1307,1307,30.2,51.7,1/1/2021,1/1/2021
1308,1308,30.2,51.5,1/1/2021,1/1/2021
1309,1309,30.1,51.6,1/1/2021,1/1/2021
1310,1310,30.1,51.1,1/1/2021,1/1/2021
1311,1311,30.2,51.9,1/1/2021,1/1/2021
1312,1312,30.2,51.0,1/1/2021,1/1/2021
1313,1313,30.1,51.0,1/1/2021,1/1/2021
1314,1314,30.0,51.3,1/1/2021,1/1/2021
1315,1315,29.9,51.5,1/1/2021,1/1/2021
1316,1316,29.8,51.9,1/1/2021,1/1/2021
1317,1317,29.7,52.3,1/1/2021,1/1/2021
1318,1318,29.6,52.4,1/1/2021,1/1/2021
1319,1319,29.5,52.6,1/1/2021,1/1/2021
1320,1320,29.6,52.3,1/1/2021,1/1/2021
1321,1321,29.5,52.8,1/1/2021,1/1/2021
1322,1322,29.4,52.9,1/1/2021,1/1/2021
1323,1323,29.3,53.1,1/1/2021,1/1/2021
1324,1324,29.3,53.8,1/1/2021,1/1/2021
1325,1325,29.3,53.9,1/1/2021,1/1/2021
1326,1326,29.3,54.0,1/1/2021,1/1/2021
1327,1327,29.3,54.1,1/1/2021,1/1/2021
1328,1328,29.3,54.2,1/1/2021,1/1/2021
1329,1329,29.3,53.4,1/1/2021,1/1/2021
1330,1330,29.3,53.4,1/1/2021,1/1/2021
1331,1331,29.4,53.3,1/1/2021,1/1/2021
1332,1332,29.4,52.9,1/1/2021,1/1/2021
1333,1333,29.4,52.7,1/1/2021,1/1/2021
1334,1334,29.5,52.8,1/1/2021,1/1/2021
1335,1335,29.4,52.5,1/1/2021,1/1/2021
1336,1336,29.4,52.5,1/1/2021,1/1/2021
1337,1337,29.4,52.4,1/1/2021,1/1/2021
1338,1338,29.4,52.1,1/1/2021,1/1/2021
1339,1339,29.4,52.4,1/1/2021,1/1/2021
1340,1340,29.4,52.7,1/1/2021,1/1/2021
1341,1341,29.4,53.1,1/1/2021,1/1/2021
1342,1342,29.4,53.3,1/1/2021,1/1/2021
1343,1343,29.4,53.1,1/1/2021,1/1/2021
1344,1344,29.5,53.1,1/1/2021,1/1/2021
1345,1345,29.5,53.4,1/1/2021,1/1/2021
1346,1346,29.5,53.3,1/1/2021,1/1/2021
1347,1347,29.6,53.3,1/1/2021,1/1/2021
1348,1348,29.5,53.2,1/1/2021,1/1/2021
1349,1349,29.6,53.0,1/1/2021,1/1/2021
1350,1350,29.7,54.0,1/1/2021,1/1/2021
1351,1351,29.7,53.8,1/1/2021,1/1/2021
1352,1352,29.7,53.6,1/1/2021,1/1/2021
1353,1353,29.8,52.9,1/1/2021,1/1/2021
1354,1354,29.8,52.4,1/1/2021,1/1/2021
1355,1355,29.8,52.0,1/1/2021,1/1/2021
1356,1356,29.8,52.1,1/1/2021,1/1/2021
1357,1357,29.8,52.8,1/1/2021,1/1/2021
1358,1358,29.8,51.5,1/1/2021,1/1/2021
1359,1359,29.8,50.8,1/1/2021,1/1/2021
1360,1360,29.8,50.7,1/1/2021,1/1/2021
1361,1361,29.8,50.5,1/1/2021,1/1/2021
1362,1362,29.8,51.0,1/1/2021,1/1/2021
1363,1363,29.8,50.7,1/1/2021,1/1/2021
1364,1364,29.9,51.1,1/1/2021,1/1/2021
1365,1365,29.9,51.3,1/1/2021,1/1/2021
1366,1366,29.9,51.3,1/1/2021,1/1/2021
1367,1367,29.8,50.8,1/1/2021,1/1/2021
1368,1368,29.7,51.1,1/1/2021,1/1/2021
1369,1369,29.7,51.6,1/1/2021,1/1/2021
1370,1370,29.7,52.1,1/1/2021,1/1/2021
1371,1371,29.6,51.9,1/1/2021,1/1/2021
1372,1372,29.6,51.5,1/1/2021,1/1/2021
1373,1373,29.7,51.8,1/1/2021,1/1/2021
1374,1374,29.6,51.7,1/1/2021,1/1/2021
1375,1375,29.6,51.4,1/1/2021,1/1/2021
1376,1376,29.6,51.1,1/1/2021,1/1/2021
1377,1377,29.5,51.3,1/1/2021,1/1/2021
1378,1378,29.5,51.3,1/1/2021,1/1/2021
1379,1379,29.5,51.3,1/1/2021,1/1/2021
1380,1380,29.5,51.6,1/1/2021,1/1/2021
1381,1381,29.4,51.6,1/1/2021,1/1/2021
1382,1382,29.4,51.6,1/1/2021,1/1/2021
1383,1383,29.4,51.4,1/1/2021,1/1/2021
1384,1384,29.4,51.2,1/1/2021,1/1/2021
1385,1385,29.4,51.2,1/1/2021,1/1/2021
1386,1386,29.4,51.1,1/1/2021,1/1/2021
1387,1387,29.4,51.1,1/1/2021,1/1/2021
1388,1388,29.4,51.1,1/1/2021,1/1/2021
1389,1389,29.4,51.2,1/1/2021,1/1/2021
1390,1390,29.5,51.9,1/1/2021,1/1/2021
1391,1391,29.5,52.9,1/1/2021,1/1/2021
1392,1392,29.5,52.3,1/1/2021,1/1/2021
1393,1393,29.6,51.7,1/1/2021,1/1/2021
1394,1394,29.7,51.4,1/1/2021,1/1/2021
1395,1395,29.7,51.3,1/1/2021,1/1/2021
1396,1396,29.7,51.2,1/1/2021,1/1/2021
1397,1397,29.6,51.0,1/1/2021,1/1/2021
1398,1398,29.6,50.6,1/1/2021,1/1/2021
1399,1399,29.6,51.2,1/1/2021,1/1/2021
1400,1400,29.5,51.5,1/1/2021,1/1/2021
1401,1401,29.5,52.1,1/1/2021,1/1/2021
1402,1402,29.5,52.8,1/1/2021,1/1/2021
1403,1403,29.5,52.6,1/1/2021,1/1/2021
1404,1404,29.5,51.9,1/1/2021,1/1/2021
1405,1405,29.5,51.9,1/1/2021,1/1/2021
1406,1406,29.5,52.1,1/1/2021,1/1/2021
1407,1407,29.5,51.8,1/1/2021,1/1/2021
1408,1408,29.5,52.2,1/1/2021,1/1/2021
1409,1409,29.6,53.0,1/1/2021,1/1/2021
1410,1410,29.6,52.5,1/1/2021,1/1/2021
1411,1411,29.6,52.2,1/1/2021,1/1/2021
1412,1412,29.5,52.6,1/1/2021,1/1/2021
1413,1413,29.5,52.4,1/1/2021,1/1/2021
1414,1414,29.6,52.8,1/1/2021,1/1/2021
1415,1415,29.6,52.9,1/1/2021,1/1/2021
1416,1416,29.6,51.9,1/1/2021,1/1/2021
1417,1417,29.6,51.8,1/1/2021,1/1/2021
1418,1418,29.6,52.0,1/1/2021,1/1/2021
1419,1419,29.5,51.7,1/1/2021,1/1/2021
1420,1420,29.5,51.8,1/1/2021,1/1/2021
1421,1421,29.4,51.8,1/1/2021,1/1/2021
1422,1422,29.4,52.5,1/1/2021,1/1/2021
1423,1423,29.4,53.0,1/1/2021,1/1/2021
1424,1424,29.4,52.1,1/1/2021,1/1/2021
1425,1425,29.4,52.6,1/1/2021,1/1/2021
1426,1426,29.3,52.9,1/1/2021,1/1/2021
1427,1427,29.4,53.4,1/1/2021,1/1/2021
1428,1428,29.4,53.8,1/1/2021,1/1/2021
1429,1429,29.4,53.7,1/1/2021,1/1/2021
1430,1430,29.5,53.7,1/1/2021,1/1/2021
1431,1431,29.5,53.7,1/1/2021,1/1/2021
1432,1432,29.5,52.4,1/1/2021,1/1/2021
1433,1433,29.5,52.5,1/1/2021,1/1/2021
1434,1434,29.5,52.7,1/1/2021,1/1/2021
1435,1435,29.5,52.2,1/1/2021,1/1/2021
1436,1436,29.5,52.2,1/1/2021,1/1/2021
1437,1437,29.5,52.0,1/1/2021,1/1/2021
1438,1438,29.6,52.1,1/1/2021,1/1/2021
1439,1439,29.7,51.6,1/1/2021,1/1/2021
1440,1440,29.7,51.3,1/1/2021,1/1/2021
1441,1441,29.8,51.6,1/1/2021,1/1/2021
1442,1442,29.9,52.8,1/1/2021,1/1/2021
1443,1443,29.9,53.5,1/1/2021,1/1/2021
1444,1444,30.0,53.3,1/1/2021,1/1/2021
1445,1445,30.1,53.3,1/1/2021,1/1/2021
1446,1446,30.2,53.2,1/1/2021,1/1/2021
1447,1447,30.2,52.5,1/1/2021,1/1/2021
1448,1448,30.3,52.4,1/1/2021,1/1/2021
1449,1449,30.4,53.1,1/1/2021,1/1/2021
1450,1450,30.5,51.9,1/1/2021,1/1/2021
1451,1451,30.6,50.8,1/1/2021,1/1/2021
1452,1452,30.7,51.0,1/1/2021,1/1/2021
1453,1453,30.8,51.0,1/1/2021,1/1/2021
1454,1454,30.9,51.5,1/1/2021,1/1/2021
1455,1455,31.0,51.3,1/1/2021,1/1/2021
1456,1456,31.1,50.1,1/1/2021,1/1/2021
1457,1457,31.1,49.3,1/1/2021,1/1/2021
1458,1458,31.1,48.7,1/1/2021,1/1/2021
1459,1459,31.0,48.4,1/1/2021,1/1/2021
1460,1460,30.9,49.0,1/1/2021,1/1/2021
1461,1461,30.9,49.0,1/1/2021,1/1/2021
1462,1462,30.8,49.0,1/1/2021,1/1/2021
1463,1463,30.7,49.5,1/1/2021,1/1/2021
1464,1464,30.7,50.2,1/1/2021,1/1/2021
1465,1465,30.7,49.5,1/1/2021,1/1/2021
1466,1466,30.7,49.1,1/1/2021,1/1/2021
1467,1467,30.6,49.1,1/1/2021,1/1/2021
1468,1468,30.5,49.1,1/1/2021,1/1/2021
1469,1469,30.4,49.7,1/1/2021,1/1/2021
1470,1470,30.4,50.4,1/1/2021,1/1/2021
1471,1471,30.4,49.9,1/1/2021,1/1/2021
1472,1472,30.3,50.0,1/1/2021,1/1/2021
1473,1473,30.3,50.4,1/1/2021,1/1/2021
1474,1474,30.3,50.6,1/1/2021,1/1/2021
1475,1475,30.2,50.6,1/1/2021,1/1/2021
1476,1476,30.3,50.9,1/1/2021,1/1/2021
1477,1477,30.3,51.0,1/1/2021,1/1/2021
1478,1478,30.3,50.0,1/1/2021,1/1/2021
1479,1479,30.3,50.4,1/1/2021,1/1/2021
1480,1480,30.2,50.3,1/1/2021,1/1/2021
1481,1481,30.2,50.5,1/1/2021,1/1/2021
1482,1482,30.2,50.0,1/1/2021,1/1/2021
1483,1483,30.1,50.1,1/1/2021,1/1/2021
1484,1484,30.0,50.3,1/1/2021,1/1/2021
1485,1485,29.9,50.0,1/1/2021,1/1/2021
1486,1486,29.9,50.6,1/1/2021,1/1/2021
1487,1487,29.8,50.3,1/1/2021,1/1/2021
1488,1488,29.8,50.5,1/1/2021,1/1/2021
1489,1489,29.7,50.2,1/1/2021,1/1/2021
1490,1490,29.6,50.1,1/1/2021,1/1/2021
1491,1491,29.5,50.5,1/1/2021,1/1/2021
1492,1492,29.5,51.0,1/1/2021,1/1/2021
1493,1493,29.4,50.5,1/1/2021,1/1/2021
1494,1494,29.4,51.1,1/1/2021,1/1/2021
1495,1495,29.3,51.6,1/1/2021,1/1/2021
1496,1496,29.4,51.9,1/1/2021,1/1/2021
1497,1497,29.3,51.9,1/1/2021,1/1/2021
1498,1498,29.3,52.1,1/1/2021,1/1/2021
1499,1499,29.2,52.4,1/1/2021,1/1/2021
1500,1500,29.2,53.0,1/1/2021,1/1/2021
1501,1501,29.1,53.1,1/1/2021,1/1/2021
1502,1502,29.2,52.7,1/1/2021,1/1/2021
1503,1503,29.2,52.4,1/1/2021,1/1/2021
1504,1504,29.2,52.9,1/1/2021,1/1/2021
1505,1505,29.2,52.8,1/1/2021,1/1/2021
1506,1506,29.3,52.5,1/1/2021,1/1/2021
1507,1507,29.4,52.5,1/1/2021,1/1/2021
1508,1508,29.4,52.2,1/1/2021,1/1/2021
1509,1509,29.4,52.0,1/1/2021,1/1/2021
1510,1510,29.4,52.1,1/1/2021,1/1/2021
1511,1511,29.4,51.6,1/1/2021,1/1/2021
1512,1512,29.4,51.1,1/1/2021,1/1/2021
1513,1513,29.4,51.1,1/1/2021,1/1/2021
1514,1514,29.4,51.2,1/1/2021,1/1/2021
1515,1515,29.4,51.2,1/1/2021,1/1/2021
1516,1516,29.4,51.6,1/1/2021,1/1/2021
1517,1517,29.4,51.3,1/1/2021,1/1/2021
1518,1518,29.4,51.1,1/1/2021,1/1/2021
1519,1519,29.4,51.2,1/1/2021,1/1/2021
1520,1520,29.3,51.2,1/1/2021,1/1/2021
1521,1521,29.4,51.3,1/1/2021,1/1/2021
1522,1522,29.4,51.3,1/1/2021,1/1/2021
1523,1523,29.4,51.5,1/1/2021,1/1/2021
1524,1524,29.3,51.4,1/1/2021,1/1/2021
1525,1525,29.3,51.5,1/1/2021,1/1/2021
1526,1526,29.2,52.3,1/1/2021,1/1/2021
1527,1527,29.3,52.0,1/1/2021,1/1/2021
1528,1528,29.3,51.8,1/1/2021,1/1/2021
1529,1529,29.4,51.2,1/1/2021,1/1/2021
1530,1530,29.4,50.7,1/1/2021,1/1/2021
1531,1531,29.4,50.6,1/1/2021,1/1/2021
1532,1532,29.3,50.8,1/1/2021,1/1/2021
1533,1533,29.3,50.9,1/1/2021,1/1/2021
1534,1534,29.3,51.4,1/1/2021,1/1/2021
1535,1535,29.3,51.3,1/1/2021,1/1/2021
1536,1536,29.3,51.6,1/1/2021,1/1/2021
1537,1537,29.3,51.8,1/1/2021,1/1/2021
1538,1538,29.3,52.5,1/1/2021,1/1/2021
1539,1539,29.4,53.2,1/1/2021,1/1/2021
1540,1540,29.5,53.2,1/1/2021,1/1/2021
1541,1541,29.6,52.6,1/1/2021,1/1/2021
1542,1542,29.6,51.7,1/1/2021,1/1/2021
1543,1543,29.5,51.9,1/1/2021,1/1/2021
1544,1544,29.5,50.9,1/1/2021,1/1/2021
1545,1545,29.5,50.5,1/1/2021,1/1/2021
1546,1546,29.4,49.7,1/1/2021,1/1/2021
1547,1547,29.3,49.4,1/1/2021,1/1/2021
1548,1548,29.4,49.7,1/1/2021,1/1/2021
1549,1549,29.4,49.5,1/1/2021,1/1/2021
1550,1550,29.3,49.6,1/1/2021,1/1/2021
1551,1551,29.3,49.9,1/1/2021,1/1/2021
1552,1552,29.3,49.9,1/1/2021,1/1/2021
1553,1553,29.4,50.1,1/1/2021,1/1/2021
1554,1554,29.4,50.1,1/1/2021,1/1/2021
1555,1555,29.5,50.7,1/1/2021,1/1/2021
1556,1556,29.6,51.5,1/1/2021,1/1/2021
1557,1557,29.8,52.4,1/1/2021,1/1/2021
1558,1558,29.9,51.8,1/1/2021,1/1/2021
1559,1559,30.1,50.3,1/1/2021,1/1/2021
1560,1560,30.1,49.5,1/1/2021,1/1/2021
1561,1561,30.2,49.6,1/1/2021,1/1/2021
1562,1562,30.3,49.5,1/1/2021,1/1/2021
1563,1563,30.3,48.4,1/1/2021,1/1/2021
1564,1564,30.3,47.6,1/1/2021,1/1/2021
1565,1565,30.2,47.5,1/1/2021,1/1/2021
1566,1566,30.0,47.3,1/1/2021,1/1/2021
1567,1567,29.9,47.4,1/1/2021,1/1/2021
1568,1568,30.0,47.5,1/1/2021,1/1/2021
1569,1569,29.9,47.9,1/1/2021,1/1/2021
1570,1570,29.9,48.5,1/1/2021,1/1/2021
1571,1571,30.0,48.6,1/1/2021,1/1/2021
1572,1572,30.0,48.2,1/1/2021,1/1/2021
1573,1573,30.1,49.6,1/1/2021,1/1/2021
1574,1574,30.2,49.6,1/1/2021,1/1/2021
1575,1575,30.3,49.9,1/1/2021,1/1/2021
1576,1576,30.3,48.5,1/1/2021,1/1/2021
1577,1577,30.3,47.7,1/1/2021,1/1/2021
1578,1578,30.3,47.6,1/1/2021,1/1/2021
1579,1579,30.3,48.4,1/1/2021,1/1/2021
1580,1580,30.4,48.7,1/1/2021,1/1/2021
1581,1581,30.4,49.5,1/1/2021,1/1/2021
1582,1582,30.5,49.2,1/1/2021,1/1/2021
1583,1583,30.5,48.8,1/1/2021,1/1/2021
1584,1584,30.6,48.8,1/1/2021,1/1/2021
1585,1585,30.7,49.0,1/1/2021,1/1/2021
1586,1586,30.8,48.9,1/1/2021,1/1/2021
1587,1587,30.8,48.6,1/1/2021,1/1/2021
1588,1588,30.7,48.1,1/1/2021,1/1/2021
1589,1589,30.4,48.1,1/1/2021,1/1/2021
1590,1590,30.6,48.5,1/1/2021,1/1/2021
1591,1591,30.6,48.7,1/1/2021,1/1/2021
1592,1592,30.7,49.3,1/1/2021,1/1/2021
1593,1593,30.8,49.3,1/1/2021,1/1/2021
1594,1594,30.9,49.1,1/1/2021,1/1/2021
1595,1595,30.9,48.0,1/1/2021,1/1/2021
1596,1596,31.1,47.7,1/1/2021,1/1/2021
1597,1597,31.2,48.0,1/1/2021,1/1/2021
1598,1598,31.2,47.8,1/1/2021,1/1/2021
1599,1599,31.4,47.9,1/1/2021,1/1/2021
1600,1600,31.5,48.3,1/1/2021,1/1/2021
1601,1601,31.6,48.4,1/1/2021,1/1/2021
1602,1602,31.6,50.0,1/1/2021,1/1/2021
1603,1603,31.8,50.6,1/1/2021,1/1/2021
1604,1604,31.8,48.9,1/1/2021,1/1/2021
1605,1605,32.0,47.5,1/1/2021,1/1/2021
1606,1606,32.0,46.7,1/1/2021,1/1/2021
1607,1607,32.1,46.6,1/1/2021,1/1/2021
1608,1608,32.1,46.4,1/1/2021,1/1/2021
1609,1609,32.1,46.7,1/1/2021,1/1/2021
1610,1610,32.1,46.8,1/1/2021,1/1/2021
1611,1611,32.1,46.4,1/1/2021,1/1/2021
1612,1612,32.1,45.8,1/1/2021,1/1/2021
1613,1613,32.0,46.1,1/1/2021,1/1/2021
1614,1614,32.0,46.3,1/1/2021,1/1/2021
1615,1615,31.9,47.0,1/1/2021,1/1/2021
1616,1616,31.9,47.0,1/1/2021,1/1/2021
1617,1617,31.8,47.9,1/1/2021,1/1/2021
1618,1618,31.8,48.7,1/1/2021,1/1/2021
1619,1619,31.8,47.5,1/1/2021,1/1/2021
1620,1620,31.8,47.0,1/1/2021,1/1/2021
1621,1621,31.8,47.4,1/1/2021,1/1/2021
1622,1622,31.8,47.5,1/1/2021,1/1/2021
1623,1623,31.8,47.5,1/1/2021,1/1/2021
1624,1624,31.8,48.5,1/1/2021,1/1/2021
1625,1625,31.8,47.5,1/1/2021,1/1/2021
1626,1626,31.8,47.9,1/1/2021,1/1/2021
1627,1627,31.8,47.5,1/1/2021,1/1/2021
1628,1628,31.8,47.3,1/1/2021,1/1/2021
1629,1629,31.8,48.0,1/1/2021,1/1/2021
1630,1630,31.8,48.5,1/1/2021,1/1/2021
1631,1631,31.9,46.7,1/1/2021,1/1/2021
1632,1632,31.9,45.8,1/1/2021,1/1/2021
1633,1633,32.0,46.0,1/1/2021,1/1/2021
1634,1634,31.9,45.8,1/1/2021,1/1/2021
1635,1635,31.9,45.7,1/1/2021,1/1/2021
1636,1636,31.9,45.9,1/1/2021,1/1/2021
1637,1637,31.9,46.7,1/1/2021,1/1/2021
1638,1638,31.9,47.3,1/1/2021,1/1/2021
1639,1639,32.0,48.0,1/1/2021,1/1/2021
1640,1640,32.0,47.2,1/1/2021,1/1/2021
1641,1641,32.0,47.5,1/1/2021,1/1/2021
1642,1642,32.0,47.1,1/1/2021,1/1/2021
1643,1643,31.9,47.2,1/1/2021,1/1/2021
1644,1644,31.8,47.0,1/1/2021,1/1/2021
1645,1645,31.8,47.6,1/1/2021,1/1/2021
1646,1646,31.9,47.6,1/1/2021,1/1/2021
1647,1647,32.0,47.1,1/1/2021,1/1/2021
1648,1648,32.0,47.0,1/1/2021,1/1/2021
1649,1649,31.9,45.6,1/1/2021,1/1/2021
1650,1650,31.8,45.7,1/1/2021,1/1/2021
1651,1651,31.8,46.2,1/1/2021,1/1/2021
1652,1652,31.6,46.7,1/1/2021,1/1/2021
1653,1653,31.5,47.2,1/1/2021,1/1/2021
1654,1654,31.4,47.7,1/1/2021,1/1/2021
1655,1655,31.4,47.9,1/1/2021,1/1/2021
1656,1656,31.3,48.1,1/1/2021,1/1/2021
1657,1657,31.3,48.6,1/1/2021,1/1/2021
1658,1658,31.2,48.3,1/1/2021,1/1/2021
1659,1659,31.1,48.2,1/1/2021,1/1/2021
1660,1660,30.9,48.3,1/1/2021,1/1/2021
1661,1661,30.7,48.3,1/1/2021,1/1/2021
1662,1662,30.6,49.1,1/1/2021,1/1/2021
1663,1663,30.5,49.6,1/1/2021,1/1/2021
1664,1664,30.3,50.0,1/1/2021,1/1/2021
1665,1665,30.3,50.2,1/1/2021,1/1/2021
1666,1666,30.3,49.7,1/1/2021,1/1/2021
1667,1667,30.2,49.8,1/1/2021,1/1/2021
1668,1668,30.1,49.8,1/1/2021,1/1/2021
1669,1669,30.0,50.1,1/1/2021,1/1/2021
1670,1670,30.0,50.5,1/1/2021,1/1/2021
1671,1671,29.9,50.9,1/1/2021,1/1/2021
1672,1672,29.8,50.4,1/1/2021,1/1/2021
1673,1673,29.8,50.9,1/1/2021,1/1/2021
1674,1674,29.7,51.1,1/1/2021,1/1/2021
1675,1675,29.7,51.1,1/1/2021,1/1/2021
1676,1676,29.6,51.0,1/1/2021,1/1/2021
1677,1677,29.6,51.1,1/1/2021,1/1/2021
1678,1678,29.5,51.0,1/1/2021,1/1/2021
1679,1679,29.5,51.5,1/1/2021,1/1/2021
1680,1680,29.5,51.7,1/1/2021,1/1/2021
1681,1681,29.5,51.9,1/1/2021,1/1/2021
1682,1682,29.6,52.5,1/1/2021,1/1/2021
1683,1683,29.6,52.1,1/1/2021,1/1/2021
1684,1684,29.7,51.9,1/1/2021,1/1/2021
1685,1685,29.7,51.8,1/1/2021,1/1/2021
1686,1686,29.7,51.9,1/1/2021,1/1/2021
1687,1687,29.7,51.7,1/1/2021,1/1/2021
1688,1688,29.8,52.0,1/1/2021,1/1/2021
1689,1689,29.8,51.8,1/1/2021,1/1/2021
1690,1690,29.8,51.7,1/1/2021,1/1/2021
1691,1691,29.9,52.1,1/1/2021,1/1/2021
1692,1692,30.0,52.9,1/1/2021,1/1/2021
1693,1693,30.1,53.3,1/1/2021,1/1/2021
1694,1694,30.2,53.7,1/1/2021,1/1/2021
1695,1695,30.3,53.4,1/1/2021,1/1/2021
1696,1696,30.3,52.6,1/1/2021,1/1/2021
1697,1697,30.4,51.6,1/1/2021,1/1/2021
1698,1698,30.4,51.7,1/1/2021,1/1/2021
1699,1699,30.5,51.9,1/1/2021,1/1/2021
1700,1700,30.5,51.4,1/1/2021,1/1/2021
1701,1701,30.6,51.4,1/1/2021,1/1/2021
1702,1702,30.8,52.0,1/1/2021,1/1/2021
1703,1703,30.8,51.3,1/1/2021,1/1/2021
1704,1704,30.9,51.6,1/1/2021,1/1/2021
1705,1705,31.0,51.5,1/1/2021,1/1/2021
1706,1706,31.1,51.2,1/1/2021,1/1/2021
1707,1707,31.2,50.6,1/1/2021,1/1/2021
1708,1708,31.3,50.0,1/1/2021,1/1/2021
1709,1709,31.4,50.3,1/1/2021,1/1/2021
1710,1710,31.4,50.1,1/1/2021,1/1/2021
1711,1711,31.5,49.5,1/1/2021,1/1/2021
1712,1712,31.6,48.0,1/1/2021,1/1/2021
1713,1713,31.7,47.0,1/1/2021,1/1/2021
1714,1714,31.7,47.6,1/1/2021,1/1/2021
1715,1715,31.8,47.9,1/1/2021,1/1/2021
1716,1716,31.8,47.4,1/1/2021,1/1/2021
1717,1717,31.8,47.1,1/1/2021,1/1/2021
1718,1718,31.8,46.7,1/1/2021,1/1/2021
1719,1719,31.8,46.8,1/1/2021,1/1/2021
1720,1720,31.8,47.8,1/1/2021,1/1/2021
1721,1721,31.6,47.2,1/1/2021,1/1/2021
1722,1722,31.6,47.0,1/1/2021,1/1/2021
1723,1723,31.5,47.5,1/1/2021,1/1/2021
1724,1724,31.4,48.1,1/1/2021,1/1/2021
1725,1725,31.3,47.8,1/1/2021,1/1/2021
1726,1726,31.3,47.7,1/1/2021,1/1/2021
1727,1727,31.2,47.2,1/1/2021,1/1/2021
1728,1728,31.2,47.4,1/1/2021,1/1/2021
1729,1729,31.2,47.4,1/1/2021,1/1/2021
1730,1730,31.2,47.5,1/1/2021,1/1/2021
1731,1731,31.1,47.5,1/1/2021,1/1/2021
1732,1732,31.1,47.3,1/1/2021,1/1/2021
1733,1733,31.0,47.4,1/1/2021,1/1/2021
1734,1734,31.0,47.7,1/1/2021,1/1/2021
1735,1735,30.9,48.0,1/1/2021,1/1/2021
1736,1736,30.9,47.5,1/1/2021,1/1/2021
1737,1737,30.8,47.7,1/1/2021,1/1/2021
1738,1738,30.8,47.8,1/1/2021,1/1/2021
1739,1739,30.7,48.2,1/1/2021,1/1/2021
1740,1740,30.6,48.2,1/1/2021,1/1/2021
1741,1741,30.5,48.0,1/1/2021,1/1/2021
1742,1742,30.5,48.2,1/1/2021,1/1/2021
1743,1743,30.5,48.5,1/1/2021,1/1/2021
1744,1744,30.5,49.0,1/1/2021,1/1/2021
1745,1745,30.5,49.0,1/1/2021,1/1/2021
1746,1746,30.6,49.4,1/1/2021,1/1/2021
1747,1747,30.6,49.1,1/1/2021,1/1/2021
1748,1748,30.6,48.2,1/1/2021,1/1/2021
1749,1749,30.6,48.0,1/1/2021,1/1/2021
1750,1750,30.6,48.0,1/1/2021,1/1/2021
1751,1751,30.6,48.3,1/1/2021,1/1/2021
1752,1752,30.5,48.7,1/1/2021,1/1/2021
1753,1753,30.5,48.9,1/1/2021,1/1/2021
1754,1754,30.4,49.4,1/1/2021,1/1/2021
1755,1755,30.4,49.4,1/1/2021,1/1/2021
1756,1756,30.4,49.8,1/1/2021,1/1/2021
1757,1757,30.4,49.7,1/1/2021,1/1/2021
1758,1758,30.4,49.9,1/1/2021,1/1/2021
1759,1759,30.4,49.7,1/1/2021,1/1/2021
1760,1760,30.4,49.6,1/1/2021,1/1/2021
1761,1761,30.4,49.7,1/1/2021,1/1/2021
1762,1762,30.5,50.0,1/1/2021,1/1/2021
1763,1763,30.5,50.3,1/1/2021,1/1/2021
1764,1764,30.5,50.7,1/1/2021,1/1/2021
1765,1765,30.6,51.9,1/1/2021,1/1/2021
1766,1766,30.7,52.2,1/1/2021,1/1/2021
1767,1767,30.6,50.6,1/1/2021,1/1/2021
1768,1768,30.6,48.6,1/1/2021,1/1/2021
1769,1769,30.6,48.0,1/1/2021,1/1/2021
1770,1770,30.5,47.8,1/1/2021,1/1/2021
1771,1771,30.4,47.9,1/1/2021,1/1/2021
1772,1772,30.3,48.0,1/1/2021,1/1/2021
1773,1773,30.3,48.6,1/1/2021,1/1/2021
1774,1774,30.4,49.2,1/1/2021,1/1/2021
1775,1775,30.5,49.4,1/1/2021,1/1/2021
1776,1776,30.5,49.8,1/1/2021,1/1/2021
1777,1777,30.6,50.7,1/1/2021,1/1/2021
1778,1778,30.8,50.9,1/1/2021,1/1/2021
1779,1779,30.9,50.6,1/1/2021,1/1/2021
1780,1780,31.1,50.2,1/1/2021,1/1/2021
1781,1781,31.1,50.0,1/1/2021,1/1/2021
1782,1782,31.2,48.7,1/1/2021,1/1/2021
1783,1783,31.2,49.2,1/1/2021,1/1/2021
1784,1784,31.3,49.9,1/1/2021,1/1/2021
1785,1785,31.4,49.1,1/1/2021,1/1/2021
1786,1786,31.4,48.1,1/1/2021,1/1/2021
1787,1787,31.4,47.3,1/1/2021,1/1/2021
1788,1788,31.4,46.7,1/1/2021,1/1/2021
1789,1789,31.5,46.6,1/1/2021,1/1/2021
1790,1790,31.6,46.6,1/1/2021,1/1/2021
1791,1791,31.6,46.3,1/1/2021,1/1/2021
1792,1792,31.6,46.3,1/1/2021,1/1/2021
1793,1793,31.7,46.6,1/1/2021,1/1/2021
1794,1794,31.7,47.1,1/1/2021,1/1/2021
1795,1795,31.5,47.1,1/1/2021,1/1/2021
1796,1796,31.6,47.3,1/1/2021,1/1/2021
1797,1797,31.5,47.9,1/1/2021,1/1/2021
1798,1798,31.5,47.0,1/1/2021,1/1/2021
1799,1799,31.5,46.9,1/1/2021,1/1/2021
1800,1800,31.2,46.3,1/1/2021,1/1/2021
1801,1801,31.1,46.2,1/1/2021,1/1/2021
1802,1802,31.0,46.5,1/1/2021,1/1/2021
1803,1803,30.8,46.7,1/1/2021,1/1/2021
1804,1804,30.7,47.0,1/1/2021,1/1/2021
1805,1805,30.6,47.6,1/1/2021,1/1/2021
1806,1806,30.6,48.2,1/1/2021,1/1/2021
1807,1807,30.7,48.2,1/1/2021,1/1/2021
1808,1808,30.6,48.0,1/1/2021,1/1/2021
1809,1809,30.6,48.3,1/1/2021,1/1/2021
1810,1810,30.6,48.6,1/1/2021,1/1/2021
1811,1811,30.6,48.4,1/1/2021,1/1/2021
1812,1812,30.6,48.1,1/1/2021,1/1/2021
1813,1813,30.6,47.9,1/1/2021,1/1/2021
1814,1814,30.6,47.9,1/1/2021,1/1/2021
1815,1815,30.6,48.0,1/1/2021,1/1/2021
1816,1816,30.6,48.3,1/1/2021,1/1/2021
1817,1817,30.5,48.3,1/1/2021,1/1/2021
1818,1818,30.6,48.5,1/1/2021,1/1/2021
1819,1819,30.5,48.0,1/1/2021,1/1/2021
1820,1820,30.4,47.9,1/1/2021,1/1/2021
1821,1821,30.1,47.7,1/1/2021,1/1/2021
1822,1822,30.0,48.1,1/1/2021,1/1/2021
1823,1823,29.8,48.4,1/1/2021,1/1/2021
1824,1824,29.8,48.9,1/1/2021,1/1/2021
1825,1825,29.7,49.1,1/1/2021,1/1/2021
1826,1826,29.7,49.4,1/1/2021,1/1/2021
1827,1827,29.7,49.7,1/1/2021,1/1/2021
1828,1828,29.8,49.8,1/1/2021,1/1/2021
1829,1829,29.8,50.1,1/1/2021,1/1/2021
1830,1830,29.7,50.7,1/1/2021,1/1/2021
1831,1831,29.7,51.2,1/1/2021,1/1/2021
1832,1832,29.7,51.4,1/1/2021,1/1/2021
1833,1833,29.7,51.3,1/1/2021,1/1/2021
1834,1834,29.7,51.0,1/1/2021,1/1/2021
1835,1835,29.7,51.1,1/1/2021,1/1/2021
1836,1836,29.7,51.0,1/1/2021,1/1/2021
1837,1837,29.7,50.6,1/1/2021,1/1/2021
1838,1838,29.7,50.9,1/1/2021,1/1/2021
1839,1839,29.8,51.1,1/1/2021,1/1/2021
1840,1840,29.8,50.7,1/1/2021,1/1/2021
1841,1841,29.9,50.6,1/1/2021,1/1/2021
1842,1842,29.9,50.2,1/1/2021,1/1/2021
1843,1843,29.9,50.5,1/1/2021,1/1/2021
1844,1844,29.9,51.4,1/1/2021,1/1/2021
1845,1845,30.0,50.7,1/1/2021,1/1/2021
1846,1846,30.0,50.8,1/1/2021,1/1/2021
1847,1847,30.1,51.1,1/1/2021,1/1/2021
1848,1848,30.2,51.4,1/1/2021,1/1/2021
1849,1849,30.2,51.6,1/1/2021,1/1/2021
1850,1850,30.3,51.4,1/1/2021,1/1/2021
1851,1851,30.4,51.6,1/1/2021,1/1/2021
1852,1852,30.4,50.8,1/1/2021,1/1/2021
1853,1853,30.5,50.7,1/1/2021,1/1/2021
1854,1854,30.5,50.7,1/1/2021,1/1/2021
1855,1855,30.5,50.4,1/1/2021,1/1/2021
1856,1856,30.5,50.3,1/1/2021,1/1/2021
1857,1857,30.5,50.1,1/1/2021,1/1/2021
1858,1858,30.5,51.1,1/1/2021,1/1/2021
1859,1859,30.5,51.0,1/1/2021,1/1/2021
1860,1860,30.5,51.1,1/1/2021,1/1/2021
1861,1861,30.5,51.5,1/1/2021,1/1/2021
1862,1862,30.5,50.9,1/1/2021,1/1/2021
1863,1863,30.5,51.3,1/1/2021,1/1/2021
1864,1864,30.5,51.0,1/1/2021,1/1/2021
1865,1865,30.5,50.8,1/1/2021,1/1/2021
1866,1866,30.6,51.3,1/1/2021,1/1/2021
1867,1867,30.6,51.5,1/1/2021,1/1/2021
1868,1868,30.6,51.5,1/1/2021,1/1/2021
1869,1869,30.5,50.8,1/1/2021,1/1/2021
1870,1870,30.5,51.0,1/1/2021,1/1/2021
1871,1871,30.5,51.0,1/1/2021,1/1/2021
1872,1872,30.5,51.5,1/1/2021,1/1/2021
1873,1873,30.5,50.8,1/1/2021,1/1/2021
1874,1874,30.5,51.2,1/1/2021,1/1/2021
1875,1875,30.6,51.7,1/1/2021,1/1/2021
1876,1876,30.6,51.6,1/1/2021,1/1/2021
1877,1877,30.7,51.0,1/1/2021,1/1/2021
1878,1878,30.6,50.6,1/1/2021,1/1/2021
1879,1879,30.7,50.9,1/1/2021,1/1/2021
1880,1880,30.7,50.7,1/1/2021,1/1/2021
1881,1881,30.7,51.3,1/1/2021,1/1/2021
1882,1882,30.8,51.6,1/1/2021,1/1/2021
1883,1883,30.8,51.4,1/1/2021,1/1/2021
1884,1884,30.8,50.9,1/1/2021,1/1/2021
1885,1885,30.8,48.7,1/1/2021,1/1/2021
1886,1886,30.8,49.6,1/1/2021,1/1/2021
1887,1887,30.7,49.4,1/1/2021,1/1/2021
1888,1888,30.7,48.6,1/1/2021,1/1/2021
1889,1889,30.6,48.2,1/1/2021,1/1/2021
1890,1890,30.6,48.2,1/1/2021,1/1/2021
1891,1891,30.5,48.3,1/1/2021,1/1/2021
1892,1892,30.5,48.7,1/1/2021,1/1/2021
1893,1893,30.5,49.0,1/1/2021,1/1/2021
1894,1894,30.4,49.2,1/1/2021,1/1/2021
1895,1895,30.4,49.3,1/1/2021,1/1/2021
1896,1896,30.4,50.0,1/1/2021,1/1/2021
1897,1897,30.4,50.6,1/1/2021,1/1/2021
1898,1898,30.4,50.0,1/1/2021,1/1/2021
1899,1899,30.4,49.8,1/1/2021,1/1/2021
1900,1900,30.3,50.3,1/1/2021,1/1/2021
1901,1901,30.4,50.9,1/1/2021,1/1/2021
1902,1902,30.4,50.9,1/1/2021,1/1/2021
1903,1903,30.3,50.9,1/1/2021,1/1/2021
1904,1904,30.4,51.6,1/1/2021,1/1/2021
1905,1905,30.3,51.4,1/1/2021,1/1/2021
1906,1906,30.3,51.1,1/1/2021,1/1/2021
1907,1907,30.3,51.0,1/1/2021,1/1/2021
1908,1908,30.2,50.7,1/1/2021,1/1/2021
1909,1909,30.2,51.3,1/1/2021,1/1/2021
1910,1910,30.2,51.2,1/1/2021,1/1/2021
1911,1911,30.3,51.3,1/1/2021,1/1/2021
1912,1912,30.3,51.6,1/1/2021,1/1/2021
1913,1913,30.3,51.5,1/1/2021,1/1/2021
1914,1914,30.3,50.7,1/1/2021,1/1/2021
1915,1915,30.2,50.4,1/1/2021,1/1/2021
1916,1916,30.2,50.7,1/1/2021,1/1/2021
1917,1917,30.1,51.7,1/1/2021,1/1/2021
1918,1918,30.1,51.7,1/1/2021,1/1/2021
1919,1919,30.1,51.8,1/1/2021,1/1/2021
1920,1920,30.0,51.7,1/1/2021,1/1/2021
1921,1921,30.0,51.1,1/1/2021,1/1/2021
1922,1922,29.8,51.1,1/1/2021,1/1/2021
1923,1923,29.6,51.5,1/1/2021,1/1/2021
1924,1924,29.6,51.6,1/1/2021,1/1/2021
1925,1925,29.6,51.9,1/1/2021,1/1/2021
1926,1926,29.5,52.1,1/1/2021,1/1/2021
1927,1927,29.5,52.1,1/1/2021,1/1/2021
1928,1928,29.5,52.3,1/1/2021,1/1/2021
1929,1929,29.4,52.2,1/1/2021,1/1/2021
1930,1930,29.4,52.6,1/1/2021,1/1/2021
1931,1931,29.4,53.0,1/1/2021,1/1/2021
1932,1932,29.3,52.6,1/1/2021,1/1/2021
1933,1933,29.3,53.2,1/1/2021,1/1/2021
1934,1934,29.3,53.1,1/1/2021,1/1/2021
1935,1935,29.3,54.1,1/1/2021,1/1/2021
1936,1936,29.3,53.5,1/1/2021,1/1/2021
1937,1937,29.2,53.2,1/1/2021,1/1/2021
1938,1938,29.2,53.0,1/1/2021,1/1/2021
1939,1939,29.2,52.2,1/1/2021,1/1/2021
1940,1940,29.2,52.3,1/1/2021,1/1/2021
1941,1941,29.2,52.0,1/1/2021,1/1/2021
1942,1942,29.2,52.6,1/1/2021,1/1/2021
1943,1943,29.2,52.5,1/1/2021,1/1/2021
1944,1944,29.2,53.2,1/1/2021,1/1/2021
1945,1945,29.1,53.3,1/1/2021,1/1/2021
1946,1946,29.1,53.1,1/1/2021,1/1/2021
1947,1947,29.1,52.4,1/1/2021,1/1/2021
1948,1948,29.0,52.9,1/1/2021,1/1/2021
1949,1949,29.0,52.6,1/1/2021,1/1/2021
1950,1950,29.0,53.0,1/1/2021,1/1/2021
1951,1951,28.9,53.4,1/1/2021,1/1/2021
1952,1952,28.9,53.6,1/1/2021,1/1/2021
1953,1953,28.8,53.6,1/1/2021,1/1/2021
1954,1954,28.7,53.6,1/1/2021,1/1/2021
1955,1955,28.7,53.5,1/1/2021,1/1/2021
1956,1956,28.7,53.7,1/1/2021,1/1/2021
1957,1957,28.7,53.6,1/1/2021,1/1/2021
1958,1958,28.7,53.1,1/1/2021,1/1/2021
1959,1959,28.6,53.4,1/1/2021,1/1/2021
1960,1960,28.6,53.6,1/1/2021,1/1/2021
1961,1961,28.6,53.6,1/1/2021,1/1/2021
1962,1962,28.5,53.6,1/1/2021,1/1/2021
1963,1963,28.4,53.4,1/1/2021,1/1/2021
1964,1964,28.3,53.7,1/1/2021,1/1/2021
1965,1965,28.3,54.1,1/1/2021,1/1/2021
1966,1966,28.2,54.5,1/1/2021,1/1/2021
1967,1967,28.2,54.8,1/1/2021,1/1/2021
1968,1968,28.2,55.0,1/1/2021,1/1/2021
1969,1969,28.2,55.1,1/1/2021,1/1/2021
1970,1970,28.2,55.1,1/1/2021,1/1/2021
1971,1971,28.1,55.1,1/1/2021,1/1/2021
1972,1972,28.1,55.6,1/1/2021,1/1/2021
1973,1973,28.2,56.0,1/1/2021,1/1/2021
1974,1974,28.1,55.6,1/1/2021,1/1/2021
1975,1975,28.1,56.1,1/1/2021,1/1/2021
1976,1976,28.1,55.9,1/1/2021,1/1/2021
1977,1977,28.1,55.4,1/1/2021,1/1/2021
1978,1978,28.1,55.1,1/1/2021,1/1/2021
1979,1979,28.1,55.1,1/1/2021,1/1/2021
1980,1980,28.1,55.5,1/1/2021,1/1/2021
1981,1981,28.1,55.6,1/1/2021,1/1/2021
1982,1982,28.1,55.5,1/1/2021,1/1/2021
1983,1983,28.2,55.3,1/1/2021,1/1/2021
1984,1984,28.2,55.3,1/1/2021,1/1/2021
1985,1985,28.1,55.0,1/1/2021,1/1/2021
1986,1986,28.1,55.2,1/1/2021,1/1/2021
1987,1987,28.1,55.3,1/1/2021,1/1/2021
1988,1988,28.0,55.5,1/1/2021,1/1/2021
1989,1989,28.0,55.5,1/1/2021,1/1/2021
1990,1990,27.9,55.6,1/1/2021,1/1/2021
1991,1991,27.9,55.8,1/1/2021,1/1/2021
1992,1992,27.9,55.7,1/1/2021,1/1/2021
1993,1993,27.9,56.1,1/1/2021,1/1/2021
1994,1994,27.9,55.7,1/1/2021,1/1/2021
1995,1995,27.9,55.5,1/1/2021,1/1/2021
1996,1996,27.9,55.2,1/1/2021,1/1/2021
1997,1997,27.9,55.5,1/1/2021,1/1/2021
1998,1998,27.9,55.5,1/1/2021,1/1/2021
1999,1999,28.0,55.5,1/1/2021,1/1/2021
2000,2000,28.0,55.7,1/1/2021,1/1/2021
2001,2001,28.0,56.1,1/1/2021,1/1/2021
2002,2002,28.0,56.5,1/1/2021,1/1/2021
2003,2003,28.0,56.3,1/1/2021,1/1/2021
2004,2004,28.1,55.3,1/1/2021,1/1/2021
2005,2005,28.1,55.3,1/1/2021,1/1/2021
2006,2006,28.1,55.4,1/1/2021,1/1/2021
2007,2007,28.1,55.8,1/1/2021,1/1/2021
2008,2008,28.2,55.5,1/1/2021,1/1/2021
2009,2009,28.2,55.3,1/1/2021,1/1/2021
2010,2010,28.2,55.1,1/1/2021,1/1/2021
2011,2011,28.2,54.8,1/1/2021,1/1/2021
2012,2012,28.2,54.8,1/1/2021,1/1/2021
2013,2013,28.3,54.9,1/1/2021,1/1/2021
2014,2014,28.2,54.8,1/1/2021,1/1/2021
2015,2015,28.3,54.1,1/1/2021,1/1/2021
2016,2016,28.2,53.7,1/1/2021,1/1/2021
2017,2017,28.2,53.7,1/1/2021,1/1/2021
2018,2018,28.2,53.9,1/1/2021,1/1/2021
2019,2019,28.2,54.0,1/1/2021,1/1/2021
2020,2020,28.1,53.9,1/1/2021,1/1/2021
2021,2021,28.1,54.1,1/1/2021,1/1/2021
2022,2022,28.1,54.3,1/1/2021,1/1/2021
2023,2023,28.1,54.6,1/1/2021,1/1/2021
2024,2024,28.1,54.8,1/1/2021,1/1/2021
2025,2025,28.1,55.5,1/1/2021,1/1/2021
2026,2026,28.1,56.0,1/1/2021,1/1/2021
2027,2027,28.1,56.0,1/1/2021,1/1/2021
2028,2028,28.1,55.7,1/1/2021,1/1/2021
2029,2029,28.1,55.6,1/1/2021,1/1/2021
2030,2030,28.2,55.9,1/1/2021,1/1/2021
2031,2031,28.2,55.7,1/1/2021,1/1/2021
2032,2032,28.2,55.4,1/1/2021,1/1/2021
2033,2033,28.2,55.3,1/1/2021,1/1/2021
2034,2034,28.2,55.0,1/1/2021,1/1/2021
2035,2035,28.1,54.8,1/1/2021,1/1/2021
2036,2036,28.1,55.0,1/1/2021,1/1/2021
2037,2037,28.1,55.0,1/1/2021,1/1/2021
2038,2038,28.0,54.9,1/1/2021,1/1/2021
2039,2039,27.9,55.1,1/1/2021,1/1/2021
2040,2040,27.8,55.4,1/1/2021,1/1/2021
2041,2041,27.8,55.8,1/1/2021,1/1/2021
2042,2042,27.8,56.2,1/1/2021,1/1/2021
2043,2043,27.8,56.5,1/1/2021,1/1/2021
2044,2044,27.8,56.5,1/1/2021,1/1/2021
2045,2045,27.8,56.4,1/1/2021,1/1/2021
2046,2046,27.8,56.1,1/1/2021,1/1/2021
2047,2047,27.8,56.1,1/1/2021,1/1/2021
2048,2048,27.7,56.1,1/1/2021,1/1/2021
2049,2049,27.7,56.4,1/1/2021,1/1/2021
2050,2050,27.7,56.5,1/1/2021,1/1/2021
2051,2051,27.6,56.6,1/1/2021,1/1/2021
2052,2052,27.6,56.6,1/1/2021,1/1/2021
2053,2053,27.6,56.8,1/1/2021,1/1/2021
2054,2054,27.7,57.2,1/1/2021,1/1/2021
2055,2055,27.7,57.0,1/1/2021,1/1/2021
2056,2056,27.7,57.0,1/1/2021,1/1/2021
2057,2057,27.7,57.2,1/1/2021,1/1/2021
2058,2058,27.7,56.6,1/1/2021,1/1/2021
2059,2059,27.7,56.1,1/1/2021,1/1/2021
2060,2060,27.7,55.9,1/1/2021,1/1/2021
2061,2061,27.7,56.5,1/1/2021,1/1/2021
2062,2062,27.7,56.2,1/1/2021,1/1/2021
2063,2063,27.7,56.0,1/1/2021,1/1/2021
2064,2064,27.6,56.1,1/1/2021,1/1/2021
2065,2065,27.6,56.1,1/1/2021,1/1/2021
2066,2066,27.5,56.3,1/1/2021,1/1/2021
2067,2067,27.5,56.7,1/1/2021,1/1/2021
2068,2068,27.5,57.0,1/1/2021,1/1/2021
2069,2069,27.5,57.4,1/1/2021,1/1/2021
2070,2070,27.5,57.3,1/1/2021,1/1/2021
2071,2071,27.5,57.1,1/1/2021,1/1/2021
2072,2072,27.6,57.1,1/1/2021,1/1/2021
2073,2073,27.6,56.9,1/1/2021,1/1/2021
2074,2074,27.6,56.9,1/1/2021,1/1/2021
2075,2075,27.6,57.0,1/1/2021,1/1/2021
2076,2076,27.6,56.9,1/1/2021,1/1/2021
2077,2077,27.6,56.6,1/1/2021,1/1/2021
2078,2078,27.6,56.4,1/1/2021,1/1/2021
2079,2079,27.6,56.3,1/1/2021,1/1/2021
2080,2080,27.6,56.2,1/1/2021,1/1/2021
2081,2081,27.6,56.2,1/1/2021,1/1/2021
2082,2082,27.5,56.1,1/1/2021,1/1/2021
2083,2083,27.5,56.2,1/1/2021,1/1/2021
2084,2084,27.4,56.0,1/1/2021,1/1/2021
2085,2085,27.5,56.2,1/1/2021,1/1/2021
2086,2086,27.4,56.5,1/1/2021,1/1/2021
2087,2087,27.4,56.6,1/1/2021,1/1/2021
2088,2088,27.4,57.0,1/1/2021,1/1/2021
2089,2089,27.5,57.0,1/1/2021,1/1/2021
2090,2090,27.5,57.0,1/1/2021,1/1/2021
2091,2091,27.5,57.1,1/1/2021,1/1/2021
2092,2092,27.4,57.2,1/1/2021,1/1/2021
2093,2093,27.5,57.4,1/1/2021,1/1/2021
2094,2094,27.4,57.2,1/1/2021,1/1/2021
2095,2095,27.4,57.4,1/1/2021,1/1/2021
2096,2096,27.4,57.5,1/1/2021,1/1/2021
2097,2097,27.3,57.4,1/1/2021,1/1/2021
2098,2098,27.3,57.6,1/1/2021,1/1/2021
2099,2099,27.3,57.9,1/1/2021,1/1/2021
2100,2100,27.3,58.0,1/1/2021,1/1/2021
2101,2101,27.2,58.0,1/1/2021,1/1/2021
2102,2102,27.2,57.3,1/1/2021,1/1/2021
2103,2103,27.2,57.3,1/1/2021,1/1/2021
2104,2104,27.2,57.5,1/1/2021,1/1/2021
2105,2105,27.2,57.6,1/1/2021,1/1/2021
2106,2106,27.2,57.8,1/1/2021,1/1/2021
2107,2107,27.1,58.0,1/1/2021,1/1/2021
2108,2108,27.1,58.3,1/1/2021,1/1/2021
2109,2109,27.0,58.4,1/1/2021,1/1/2021
2110,2110,27.0,58.4,1/1/2021,1/1/2021
2111,2111,27.0,58.4,1/1/2021,1/1/2021
2112,2112,27.0,58.1,1/1/2021,1/1/2021
2113,2113,27.0,58.4,1/1/2021,1/1/2021
2114,2114,26.9,58.5,1/1/2021,1/1/2021
2115,2115,27.0,58.7,1/1/2021,1/1/2021
2116,2116,27.0,58.9,1/1/2021,1/1/2021
2117,2117,27.0,59.1,1/1/2021,1/1/2021
2118,2118,27.0,59.2,1/1/2021,1/1/2021
2119,2119,27.0,59.0,1/1/2021,1/1/2021
2120,2120,27.0,58.6,1/1/2021,1/1/2021
2121,2121,27.0,58.6,1/1/2021,1/1/2021
2122,2122,27.0,58.7,1/1/2021,1/1/2021
2123,2123,27.0,59.0,1/1/2021,1/1/2021
2124,2124,27.0,58.9,1/1/2021,1/1/2021
2125,2125,27.0,58.5,1/1/2021,1/1/2021
2126,2126,26.9,58.3,1/1/2021,1/1/2021
2127,2127,27.0,58.4,1/1/2021,1/1/2021
2128,2128,26.9,57.9,1/1/2021,1/1/2021
2129,2129,26.9,57.8,1/1/2021,1/1/2021
2130,2130,26.9,57.9,1/1/2021,1/1/2021
2131,2131,26.9,57.9,1/1/2021,1/1/2021
2132,2132,26.9,58.0,1/1/2021,1/1/2021
2133,2133,26.9,58.0,1/1/2021,1/1/2021
2134,2134,26.9,58.1,1/1/2021,1/1/2021
2135,2135,26.9,58.0,1/1/2021,1/1/2021
2136,2136,26.9,58.4,1/1/2021,1/1/2021
2137,2137,26.9,58.6,1/1/2021,1/1/2021
2138,2138,26.9,58.3,1/1/2021,1/1/2021
2139,2139,26.9,58.1,1/1/2021,1/1/2021
2140,2140,26.9,58.0,1/1/2021,1/1/2021
2141,2141,26.9,58.1,1/1/2021,1/1/2021
2142,2142,26.9,58.0,1/1/2021,1/1/2021
2143,2143,26.9,58.3,1/1/2021,1/1/2021
2144,2144,26.9,58.6,1/1/2021,1/1/2021
2145,2145,26.9,58.5,1/1/2021,1/1/2021
2146,2146,27.0,58.4,1/1/2021,1/1/2021
2147,2147,27.0,58.0,1/1/2021,1/1/2021
2148,2148,27.0,57.8,1/1/2021,1/1/2021
2149,2149,26.9,57.8,1/1/2021,1/1/2021
2150,2150,26.9,57.7,1/1/2021,1/1/2021
2151,2151,26.9,57.9,1/1/2021,1/1/2021
2152,2152,26.9,58.0,1/1/2021,1/1/2021
2153,2153,26.9,58.0,1/1/2021,1/1/2021
2154,2154,26.9,57.8,1/1/2021,1/1/2021
2155,2155,26.9,57.9,1/1/2021,1/1/2021
2156,2156,26.9,58.2,1/1/2021,1/1/2021
2157,2157,26.9,58.2,1/1/2021,1/1/2021
2158,2158,26.9,58.3,1/1/2021,1/1/2021
2159,2159,26.9,58.5,1/1/2021,1/1/2021
2160,2160,26.9,58.7,1/1/2021,1/1/2021
2161,2161,26.8,58.7,1/1/2021,1/1/2021
2162,2162,26.9,58.7,1/1/2021,1/1/2021
2163,2163,26.9,58.7,1/1/2021,1/1/2021
2164,2164,26.9,58.6,1/1/2021,1/1/2021
2165,2165,26.9,58.7,1/1/2021,1/1/2021
2166,2166,26.9,58.7,1/1/2021,1/1/2021
2167,2167,26.9,58.8,1/1/2021,1/1/2021
2168,2168,26.9,58.5,1/1/2021,1/1/2021
2169,2169,27.0,58.3,1/1/2021,1/1/2021
2170,2170,27.0,58.3,1/1/2021,1/1/2021
2171,2171,26.9,58.2,1/1/2021,1/1/2021
2172,2172,26.9,58.2,1/1/2021,1/1/2021
2173,2173,26.9,58.3,1/1/2021,1/1/2021
2174,2174,26.9,58.3,1/1/2021,1/1/2021
2175,2175,26.9,58.7,1/1/2021,1/1/2021
2176,2176,26.9,58.1,1/1/2021,1/1/2021
2177,2177,26.9,57.5,1/1/2021,1/1/2021
2178,2178,26.8,57.0,1/1/2021,1/1/2021
2179,2179,26.8,56.6,1/1/2021,1/1/2021
2180,2180,26.8,56.9,1/1/2021,1/1/2021
2181,2181,26.8,56.7,1/1/2021,1/1/2021
2182,2182,26.8,56.4,1/1/2021,1/1/2021
2183,2183,26.8,56.3,1/1/2021,1/1/2021
2184,2184,26.8,56.2,1/1/2021,1/1/2021
2185,2185,26.8,56.2,1/1/2021,1/1/2021
2186,2186,26.8,56.3,1/1/2021,1/1/2021
2187,2187,26.8,56.4,1/1/2021,1/1/2021
2188,2188,26.8,56.3,1/1/2021,1/1/2021
2189,2189,26.9,56.0,1/1/2021,1/1/2021
2190,2190,26.9,55.8,1/1/2021,1/1/2021
2191,2191,26.9,55.5,1/1/2021,1/1/2021
2192,2192,26.8,55.1,1/1/2021,1/1/2021
2193,2193,26.8,55.1,1/1/2021,1/1/2021
2194,2194,26.8,55.3,1/1/2021,1/1/2021
2195,2195,26.8,55.5,1/1/2021,1/1/2021
2196,2196,26.9,55.2,1/1/2021,1/1/2021
2197,2197,26.9,54.6,1/1/2021,1/1/2021
2198,2198,26.8,54.7,1/1/2021,1/1/2021
2199,2199,26.8,54.7,1/1/2021,1/1/2021
2200,2200,26.8,54.6,1/1/2021,1/1/2021
2201,2201,26.9,54.7,1/1/2021,1/1/2021
2202,2202,26.8,54.3,1/1/2021,1/1/2021
2203,2203,26.8,54.3,1/1/2021,1/1/2021
2204,2204,26.8,54.4,1/1/2021,1/1/2021
2205,2205,26.7,54.5,1/1/2021,1/1/2021
2206,2206,26.7,54.7,1/1/2021,1/1/2021
2207,2207,26.6,54.7,1/1/2021,1/1/2021
2208,2208,26.6,54.7,1/1/2021,1/1/2021
2209,2209,26.6,54.9,1/1/2021,1/1/2021
2210,2210,26.5,55.0,1/1/2021,1/1/2021
2211,2211,26.5,55.3,1/1/2021,1/1/2021
2212,2212,26.5,55.5,1/1/2021,1/1/2021
2213,2213,26.5,55.5,1/1/2021,1/1/2021
2214,2214,26.5,55.5,1/1/2021,1/1/2021
2215,2215,26.5,55.4,1/1/2021,1/1/2021
2216,2216,26.5,55.6,1/1/2021,1/1/2021
2217,2217,26.4,55.6,1/1/2021,1/1/2021
2218,2218,26.4,55.6,1/1/2021,1/1/2021
2219,2219,26.4,55.8,1/1/2021,1/1/2021
2220,2220,26.3,55.8,1/1/2021,1/1/2021
2221,2221,26.3,56.2,1/1/2021,1/1/2021
2222,2222,26.5,65.0,1/1/2021,1/1/2021
2223,2223,26.6,63.5,1/1/2021,1/1/2021
2224,2224,26.6,62.6,1/1/2021,1/1/2021
2225,2225,26.7,61.1,1/1/2021,1/1/2021
2226,2226,26.7,59.7,1/1/2021,1/1/2021
